"id","type","key_dian","name"
representation_type_0,"representation","R-01-PN","Administrador judicial PN"
representation_type_1,"representation","R-02-PN","Administrador privado PN"
representation_type_2,"representation","R-03-PN","Agente exclusivo de negocios en Colombia PN"
representation_type_3,"representation","R-04-PN","Agente oficioso PN"
representation_type_4,"representation","R-05-PN","Albacea PN"
representation_type_5,"representation","R-06-PN","Apoderado especial PN"
representation_type_6,"representation","R-07-PN","Apoderado general PN"
representation_type_7,"representation","R-08-PN","Asignatario PN"
representation_type_8,"representation","R-09-PN","Comunero PN"
representation_type_9,"representation","R-10-PN","Curador PN"
representation_type_10,"representation","R-11-PN","Donatario PN"
representation_type_11,"representation","R-12-PN","Factor PN"
representation_type_12,"representation","R-14-PN","Heredero con administración de bienes PN"
representation_type_13,"representation","R-15-PN","Liquidador PN"
representation_type_14,"representation","R-16-PN","Mandatario PN"
representation_type_15,"representation","R-17-PN","Padre PN"
representation_type_16,"representation","R-21-PN","Tutor PN"
representation_type_17,"representation","R-22-PN","Representante aduanero PN"
representation_type_18,"representation","R-23-PN","Liquidador suplente PN"
representation_type_19,"representation","R-24-PN","Depositario Provisional PN"
representation_type_20,"representation","R-25-PN","Agente Interventor PN"
representation_type_21,"representation","R-28-PN","Heredero designado PN"
representation_type_22,"representation","R-29-PN","Persona Natural sin residencia en Colombia con EP PN"
representation_type_23,"representation","R-99-PN","Otro tipo de responsable PN"
representation_type_24,"representation","R-01-PJ","Administrador judicial PJ"
representation_type_25,"representation","R-02-PJ","Administrador privado PJ"
representation_type_26,"representation","R-03-PJ","Agente exclusivo de negocios en Colombia PJ"
representation_type_27,"representation","R-06-PJ","Apoderado especial PJ"
representation_type_28,"representation","R-07-PJ","Apoderado general PJ"
representation_type_29,"representation","R-09-PJ","Comunero PJ"
representation_type_30,"representation","R-12-PJ","Factor PJ"
representation_type_31,"representation","R-13-PJ","Funcionario delegado para cumplir deberes formales PJ"
representation_type_32,"representation","R-15-PJ","Liquidador PJ"
representation_type_33,"representation","R-16-PJ","Mandatario PJ"
representation_type_34,"representation","R-18-PJ","Representante legal principal PJ"
representation_type_35,"representation","R-19-PJ","Representante legal suplente PJ"
representation_type_36,"representation","R-20-PJ","Síndico PJ"
representation_type_37,"representation","R-22-PJ","Representante aduanero PJ"
representation_type_38,"representation","R-23-PJ","Liquidador suplente PJ"
representation_type_39,"representation","R-24-PJ","Depositario Provisional PJ"
representation_type_40,"representation","R-25-PJ","Agente Interventor PJ"
representation_type_41,"representation","R-26-PJ","Agente de Aduanas PJ"
representation_type_42,"representation","R-27-PJ","Funcionario delegado para cumplir funciones OEA PJ"
representation_type_43,"representation","R-99-PJ","Otro tipo de responsable PJ"
fiscalresponsibility_type_0,"fiscalresponsibility","O-13","Gran contribuyente"
fiscalresponsibility_type_1,"fiscalresponsibility","O-15","Autorretenedor"
fiscalresponsibility_type_2,"fiscalresponsibility","O-23","Agente de retención en el impuesto sobre las ventas"
fiscalresponsibility_type_3,"fiscalresponsibility","O-47","Régimen Simple de tributación"
fiscalresponsibility_type_4,"fiscalresponsibility","R-99-PN","No Responsable de IVA"
customs_type_0,"customs","A-01","Agente de carga internacional"
customs_type_1,"customs","A-02","Agente marítimo"
customs_type_2,"customs","A-03","Almacén general de depósito"
customs_type_3,"customs","A-04","Comercializadora internacional (C.I.)"
customs_type_4,"customs","A-05","Comerciante de la zona aduanera especial de Inírida, Puerto Carre&ntilde;o, Cumaribo y Primavera"
customs_type_5,"customs","A-06","Comerciantes de la zona de régimen aduanero especial de Leticia"
customs_type_6,"customs","A-07","Comerciantes de la zona de régimen aduanero especial de Maicao, Uribia y Manaure"
customs_type_7,"customs","A-08","Comerciantes de la zona de régimen aduanero especial de Urabá, Tumaco y Guapí"
customs_type_8,"customs","A-09","Comerciantes del puerto libre de San Andrés, Providencia y Santa Catalina"
customs_type_9,"customs","A-10","Depósito público de apoyo logístico internacional"
customs_type_10,"customs","A-11","Depósito privado para procesamiento industrial"
customs_type_11,"customs","A-12","Depósito privado de transformación o ensamble"
customs_type_12,"customs","A-13","Depósito franco"
customs_type_13,"customs","A-14","Depósito privado aeronáutico"
customs_type_14,"customs","A-15","Depósito privado para distribución internacional"
customs_type_15,"customs","A-16","Depósito privado de provisiones de a bordo para consumo y para llevar"
customs_type_16,"customs","A-17","Depósito privado para envíos urgentes"
customs_type_17,"customs","A-18","Depósito privado"
customs_type_18,"customs","A-19","Depósito público"
customs_type_19,"customs","A-20","Depósito público para distribución internacional"
customs_type_20,"customs","A-21","Exportador de café"
customs_type_21,"customs","A-22","Exportador"
customs_type_22,"customs","A-23","Importador"
customs_type_23,"customs","A-24","Intermediario de tráfico postal y envíos urgentes"
customs_type_24,"customs","A-25","Operador de transporte multimodal"
customs_type_25,"customs","A-26","Sociedad de intermediación aduanera"
customs_type_26,"customs","A-27","Titular de puertos y muelles de servicio público o privado"
customs_type_27,"customs","A-28","Transportador aereo régimen de importación y/o exportación"
customs_type_28,"customs","A-29","Transportista nacional para operaciones del régimen de tránsito aduanero"
customs_type_29,"customs","A-30","Usuario comercial zona franca"
customs_type_30,"customs","A-32","Usuario industrial de bienes zona franca"
customs_type_31,"customs","A-34","Usuario industrial de servicios zona franca"
customs_type_32,"customs","A-36","Usuario operador de zona franca"
customs_type_33,"customs","A-37","Usuario aduanero permanente"
customs_type_34,"customs","A-38","Usuario altamente exportador"
customs_type_35,"customs","A-39","Usuario de zonas económicas especiales de exportación"
customs_type_36,"customs","A-40","Deposito privado de instalaciones industriales"
customs_type_37,"customs","A-41","Beneficiarios de programas especiales de exportación PEX"
customs_type_38,"customs","A-42","Depósitos privados para mercancías en tránsito San Andrés"
customs_type_39,"customs","A-43","Observadores de las operaciones de importación"
customs_type_40,"customs","A-44","Usuarios sistemas especiales Importación exportación"
customs_type_41,"customs","A-46","Transportador maritimo régimen de importación y/o exportación"
customs_type_42,"customs","A-47","Transportador terrestre régimen de importación y/o exportación"
customs_type_43,"customs","A-48","Aeropuerto de servicio publico o privado"
customs_type_44,"customs","A-49","Transportador fluvial régimen de importación"
customs_type_45,"customs","A-50","Usuario industrial zona franca especial"
customs_type_46,"customs","A-53","Agencias de aduanas 1"
customs_type_47,"customs","A-54","Usuario Operador Zona Franca Especial"
customs_type_48,"customs","A-55","Agencias de aduanas 2"
customs_type_49,"customs","A-56","Agencias de aduanas 3"
customs_type_50,"customs","A-57","Agencias de aduanas 4"
customs_type_51,"customs","A-58","Transportador aéreo nacional"
customs_type_52,"customs","A-60","Transportador aéreo, marítimo o fluvial modalidad Cabotaje"
customs_type_53,"customs","A-61","Importador de alimentos de consumo humano y animal"
customs_type_54,"customs","A-62","Importador Ocasional"
customs_type_55,"customs","A-63","Importador de maquinaría y sus partes Decreto 2261 de 2012"
customs_type_56,"customs","A-64","Beneficiario Programa de Fomento Industria Automotriz-PROFIA"
customs_type_57,"customs","A-99","Otro tipo de agente aduanero"
establishment_type_0,"establishment","E-01","Agencia"
establishment_type_1,"establishment","E-02","Establecimiento de comercio"
establishment_type_2,"establishment","E-03","Centro de explotación agrícola"
establishment_type_3,"establishment","E-04","Centro de explotación animal"
establishment_type_4,"establishment","E-05","Centro de explotación minera"
establishment_type_5,"establishment","E-06","Centro de explotación de transformación"
establishment_type_6,"establishment","E-07","Centro de explotación de servicios"
establishment_type_7,"establishment","E-08","Oficina"
establishment_type_8,"establishment","E-09","Sede"
establishment_type_9,"establishment","E-10","Sucursal"
establishment_type_10,"establishment","E-11","Consultorio"
establishment_type_11,"establishment","E-12","Administraciones"
establishment_type_12,"establishment","E-13","Seccionales"
establishment_type_13,"establishment","E-14","Regionales"
establishment_type_14,"establishment","E-15","Intendencias"
establishment_type_15,"establishment","E-16","Local o negocio"
establishment_type_16,"establishment","E-17","Punto de venta"
establishment_type_17,"establishment","E-18","Fábrica"
establishment_type_18,"establishment","E-19","Taller"
establishment_type_19,"establishment","E-20","Cantera"
establishment_type_20,"establishment","E-21","Pozo de Petróleo y Gas"
establishment_type_21,"establishment","E-22","Otro lug de tipo de extrac explotación de recursos naturales"
establishment_type_22,"establishment","E-99","Otro tipo de establecimiento"
persontype_type_0,"persontype","1","Persona Jurídica"
persontype_type_1,"persontype","2","Persona Natural"
fiscalregime_type_0,"fiscalregime","48","Impuesto sobre las Ventas IVA"
fiscalregime_type_1,"fiscalregime","49","No Responsable de IVA"
paymentmethod_type_0,"paymentmethod","1","Instrumento no definido"
paymentmethod_type_1,"paymentmethod","2","Crédito ACH"
paymentmethod_type_2,"paymentmethod","3","Débito ACH"
paymentmethod_type_3,"paymentmethod","4","Reversión débito de demanda ACH"
paymentmethod_type_4,"paymentmethod","5","Reversión crédito de demanda ACH"
paymentmethod_type_5,"paymentmethod","6","Crédito de demanda ACH"
paymentmethod_type_6,"paymentmethod","7","Débito de demanda ACH"
paymentmethod_type_7,"paymentmethod","8","Mantener"
paymentmethod_type_8,"paymentmethod","9","Clearing Nacional o Regional"
paymentmethod_type_9,"paymentmethod","10","Efectivo"
paymentmethod_type_10,"paymentmethod","11","Reversión Crédito Ahorro"
paymentmethod_type_11,"paymentmethod","12","Reversión Débito Ahorro"
paymentmethod_type_12,"paymentmethod","13","Crédito Ahorro"
paymentmethod_type_13,"paymentmethod","14","Débito Ahorro"
paymentmethod_type_14,"paymentmethod","15","Bookentry Crédito"
paymentmethod_type_15,"paymentmethod","16","Bookentry Débito"
paymentmethod_type_16,"paymentmethod","17","Concentración de la demanda en efectivo /Desembolso Crédito (CCD)"
paymentmethod_type_17,"paymentmethod","18","Concentración de la demanda en efectivo / Desembolso (CCD) débito"
paymentmethod_type_18,"paymentmethod","19","Crédito Pago negocio corporativo (CTP)"
paymentmethod_type_19,"paymentmethod","20","Cheque"
paymentmethod_type_20,"paymentmethod","21","Poyecto bancario"
paymentmethod_type_21,"paymentmethod","22","Proyecto bancario certificado"
paymentmethod_type_22,"paymentmethod","23","Cheque bancario"
paymentmethod_type_23,"paymentmethod","24","Nota cambiaria esperando aceptación"
paymentmethod_type_24,"paymentmethod","25","Cheque certificado"
paymentmethod_type_25,"paymentmethod","26","Cheque Local"
paymentmethod_type_26,"paymentmethod","27","Débito Pago Neogcio Corporativo (CTP)"
paymentmethod_type_27,"paymentmethod","28","Crédito Negocio Intercambio Corporativo (CTX)"
paymentmethod_type_28,"paymentmethod","29","Débito Negocio Intercambio Corporativo (CTX)"
paymentmethod_type_29,"paymentmethod","30","Transferecia Crédito"
paymentmethod_type_30,"paymentmethod","31","Transferencia Débito"
paymentmethod_type_31,"paymentmethod","32","Concentración Efectivo / Desembolso Crédito plus (CCD+)"
paymentmethod_type_32,"paymentmethod","33","Concentración Efectivo / Desembolso Débito plus (CCD+)"
paymentmethod_type_33,"paymentmethod","34","Pago y depósito pre acordado (PPD)"
paymentmethod_type_34,"paymentmethod","35","Concentración efectivo ahorros / Desembolso Crédito (CCD)"
paymentmethod_type_35,"paymentmethod","36","Concentración efectivo ahorros / Desembolso Drédito (CCD)"
paymentmethod_type_36,"paymentmethod","37","Pago Negocio Corporativo Ahorros Crédito (CTP)"
paymentmethod_type_37,"paymentmethod","38","Pago Neogcio Corporativo Ahorros Débito (CTP)"
paymentmethod_type_38,"paymentmethod","39","Crédito Negocio Intercambio Corporativo (CTX)"
paymentmethod_type_39,"paymentmethod","40","Débito Negocio Intercambio Corporativo (CTX)"
paymentmethod_type_40,"paymentmethod","41","Concentración efectivo/Desembolso Crédito plus (CCD+)"
paymentmethod_type_41,"paymentmethod","42","Consiganción bancaria"
paymentmethod_type_42,"paymentmethod","43","Concentración efectivo / Desembolso Débito plus (CCD+)"
paymentmethod_type_43,"paymentmethod","44","Nota cambiaria"
paymentmethod_type_44,"paymentmethod","45","Transferencia Crédito Bancario"
paymentmethod_type_45,"paymentmethod","46","Transferencia Débito Interbancario"
paymentmethod_type_46,"paymentmethod","47","Transferencia Débito Bancaria"
paymentmethod_type_47,"paymentmethod","48","Tarjeta Crédito"
paymentmethod_type_48,"paymentmethod","49","Tarjeta Débito"
paymentmethod_type_49,"paymentmethod","50","Postgiro"
paymentmethod_type_50,"paymentmethod","51","Telex estándar bancario francés"
paymentmethod_type_51,"paymentmethod","52","Pago comercial urgente"
paymentmethod_type_52,"paymentmethod","53","Pago Tesorería Urgente"
paymentmethod_type_53,"paymentmethod","60","Nota promisoria"
paymentmethod_type_54,"paymentmethod","61","Nota promisoria firmada por el acreedor"
paymentmethod_type_55,"paymentmethod","62","Nota promisoria firmada por el acreedor, avalada por el banco"
paymentmethod_type_56,"paymentmethod","63","Nota promisoria firmada por el acreedor, avalada por un tercero"
paymentmethod_type_57,"paymentmethod","64","Nota promisoria firmada pro el banco"
paymentmethod_type_58,"paymentmethod","65","Nota promisoria firmada por un banco avalada por otro banco"
paymentmethod_type_59,"paymentmethod","66","Nota promisoria firmada"
paymentmethod_type_60,"paymentmethod","67","Nota promisoria firmada por un tercero avalada por un banco"
paymentmethod_type_61,"paymentmethod","70","Retiro de nota por el por el acreedor"
paymentmethod_type_62,"paymentmethod","74","Retiro de nota por el por el acreedor sobre un banco"
paymentmethod_type_63,"paymentmethod","75","Retiro de nota por el acreedor, avalada por otro banco"
paymentmethod_type_64,"paymentmethod","76","Retiro de nota por el acreedor, sobre un banco avalada por un tercero"
paymentmethod_type_65,"paymentmethod","77","Retiro de una nota por el acreedor sobre un tercero"
paymentmethod_type_66,"paymentmethod","78","Retiro de una nota por el acreedor sobre un tercero avalada por un banco"
paymentmethod_type_67,"paymentmethod","91","Nota bancaria tranferible"
paymentmethod_type_68,"paymentmethod","92","Cheque local traferible"
paymentmethod_type_69,"paymentmethod","93","Giro referenciado"
paymentmethod_type_70,"paymentmethod","94","Giro urgente"
paymentmethod_type_71,"paymentmethod","95","Giro formato abierto"
paymentmethod_type_72,"paymentmethod","96","Método de pago solicitado no usuado"
paymentmethod_type_73,"paymentmethod","97","Clearing entre partners"
paymentmethod_type_74,"paymentmethod","ZZZ","Acuerdo mutuo"
uom_type_1,"uom","04","spray pequeño"
uom_type_2,"uom","05","levantar"
uom_type_3,"uom","08","Lote calor"
uom_type_4,"uom","10","grupo"
uom_type_5,"uom","11","equipar"
uom_type_6,"uom","13","ración"
uom_type_7,"uom","14","Disparo"
uom_type_8,"uom","15","palo"
uom_type_9,"uom","16","tambor de ciento quince kg"
uom_type_10,"uom","17","tambor de cien libras"
uom_type_11,"uom","18","tambor de cincuenta y cinco galones (US)"
uom_type_12,"uom","19","camión cisterna"
uom_type_13,"uom","20","contenedor de veinte pies"
uom_type_14,"uom","21","contenedor de cuarenta pies"
uom_type_15,"uom","22","decilitro por gramo"
uom_type_16,"uom","23","gramo por centímetro cúbico"
uom_type_17,"uom","24","libra teórica"
uom_type_18,"uom","25","gramo por centímetro cuadrado"
uom_type_19,"uom","26","tonelada real"
uom_type_20,"uom","27","tonelada teórica"
uom_type_21,"uom","28","kilogramo por metro cuadrado"
uom_type_22,"uom","29","libra por mil pies cuadrados"
uom_type_23,"uom","30","Día de potencia del caballo por tonelada métrica seca al aire."
uom_type_24,"uom","31","coger peso"
uom_type_25,"uom","32","kilogramo por aire seco tonelada métrica"
uom_type_26,"uom","33","kilopascales metros cuadrados por gramo"
uom_type_27,"uom","34","kilopascales por milímetro"
uom_type_28,"uom","35","mililitros por centímetro cuadrado segundo"
uom_type_29,"uom","36","pies cúbicos por minuto por pie cuadrado"
uom_type_30,"uom","37","onza por pie cuadrado"
uom_type_31,"uom","38","onzas por pie cuadrado por 0,01 pulgadas"
uom_type_32,"uom","40","mililitro por segundo"
uom_type_33,"uom","41","mililitro por minuto"
uom_type_34,"uom","43","bolsa súper a granel"
uom_type_35,"uom","44","bolsa a granel de quinientos kg"
uom_type_36,"uom","45","bolsa a granel de trescientos kg"
uom_type_37,"uom","46","bolsa a granel de cincuenta libras"
uom_type_38,"uom","47","bolsa de cincuenta libras"
uom_type_39,"uom","48","carga de automóviles a granel"
uom_type_40,"uom","53","kilogramos teóricos"
uom_type_41,"uom","54","tonelada teórica"
uom_type_42,"uom","56","sitas"
uom_type_43,"uom","57","malla"
uom_type_44,"uom","58","kilogramo neto"
uom_type_45,"uom","59","parte por millón"
uom_type_46,"uom","60","porcentaje de peso"
uom_type_47,"uom","61","parte por billón (US)"
uom_type_48,"uom","62","porcentaje por 1000 horas"
uom_type_49,"uom","63","tasa de fracaso en el tiempo"
uom_type_50,"uom","64","libra por pulgada cuadrada, calibre"
uom_type_51,"uom","66","Oersted"
uom_type_52,"uom","69","prueba de escala específica"
uom_type_53,"uom","71","voltio amperio por libra"
uom_type_54,"uom","72","vatio por libra"
uom_type_55,"uom","73","amperio tum por centímetro"
uom_type_56,"uom","74","milipascal"
uom_type_57,"uom","76","gauss"
uom_type_58,"uom","77","mili pulgadas"
uom_type_59,"uom","78","kilogauss"
uom_type_60,"uom","80","libras por pulgada cuadrada absoluta"
uom_type_61,"uom","81","Enrique"
uom_type_62,"uom","84","kilopound por pulgada cuadrada"
uom_type_63,"uom","85","fuerza libra pie"
uom_type_64,"uom","87","libra por pie cúbico"
uom_type_65,"uom","89","equilibrio"
uom_type_66,"uom","90","Saybold segundo universal"
uom_type_67,"uom","91","alimenta"
uom_type_68,"uom","92","calorías por centímetro cúbico"
uom_type_69,"uom","93","calorías por gramo"
uom_type_70,"uom","94","unidad"
uom_type_71,"uom","95","veinte mil galones (US) de carros"
uom_type_72,"uom","96","diez mil galones (US) de carros"
uom_type_73,"uom","97","tambor de diez kg"
uom_type_74,"uom","98","tambor de quince kg"
uom_type_75,"uom","1ª","milla de coche"
uom_type_76,"uom","1B","recuento de coches"
uom_type_77,"uom","1C","recuento de locomotoras"
uom_type_78,"uom","1D","recuento de cabos"
uom_type_79,"uom","1E","carro vacio"
uom_type_80,"uom","1F","millas de tren"
uom_type_81,"uom","1G","uso de combustible galón (US)"
uom_type_82,"uom","1H","milla del caboose"
uom_type_83,"uom","1I","tipo de interés fijo"
uom_type_84,"uom","1J","tonelada milla"
uom_type_85,"uom","1K","milla locomotora"
uom_type_86,"uom","1L","recuento total de coches"
uom_type_87,"uom","1M","milla de coche total"
uom_type_88,"uom","1X","cuarto de milla"
uom_type_89,"uom","2ª","radianes por segundo"
uom_type_90,"uom","2B","radianes por segundo al cuadrado"
uom_type_91,"uom","2C","Röntgen"
uom_type_92,"uom","2I","Unidad térmica británica por hora."
uom_type_93,"uom","2J","centímetro cúbico por segundo"
uom_type_94,"uom","2K","pie cúbico por hora"
uom_type_95,"uom","2L","pie cúbico por minuto"
uom_type_96,"uom","2M","centímetro por segundo"
uom_type_97,"uom","2N","decibel"
uom_type_98,"uom","2P","kilobyte"
uom_type_99,"uom","2Q","kilobecquerel"
uom_type_100,"uom","2R","kilocurie"
uom_type_101,"uom","2U","megagramo"
uom_type_102,"uom","2V","megagramo por hora"
uom_type_103,"uom","2W","compartimiento"
uom_type_104,"uom","2X","metro por minuto"
uom_type_105,"uom","2Y","milliröntgen"
uom_type_106,"uom","2Z","milivoltios"
uom_type_107,"uom","3B","megajulio"
uom_type_108,"uom","3C","manmonth"
uom_type_109,"uom","3E","libra por libra de producto"
uom_type_110,"uom","3G","libra por pieza de producto"
uom_type_111,"uom","3H","kilogramo por kilogramo de producto"
uom_type_112,"uom","3I","kilogramo por pieza de producto"
uom_type_113,"uom","4ª","bobina"
uom_type_114,"uom","4B","gorra"
uom_type_115,"uom","4C","centistokes"
uom_type_116,"uom","4E","paquete de veinte"
uom_type_117,"uom","4G","microlitro"
uom_type_118,"uom","4H","micrometro"
uom_type_119,"uom","4K","miliamperio"
uom_type_120,"uom","4L","megabyte"
uom_type_121,"uom","4M","miligramo por hora"
uom_type_122,"uom","4N","megabecquerel"
uom_type_123,"uom","4º","microfarad"
uom_type_124,"uom","4P","newton por metro"
uom_type_125,"uom","4Q","onza pulgada"
uom_type_126,"uom","4R","pie onza"
uom_type_127,"uom","4T","picofarad"
uom_type_128,"uom","4U","libra por hora"
uom_type_129,"uom","4W","tonelada (US) por hora"
uom_type_130,"uom","4X","kilolitro por hora"
uom_type_131,"uom","5ª","barril por minuto"
uom_type_132,"uom","5B","lote"
uom_type_133,"uom","5C","galón (US) por mil"
uom_type_134,"uom","5E","MMSCF / día"
uom_type_135,"uom","5F","libras por mil"
uom_type_136,"uom","5G","bomba"
uom_type_137,"uom","5H","escenario"
uom_type_138,"uom","5I","pie cúbico estándar"
uom_type_139,"uom","5J","potencia hidráulica de caballos"
uom_type_140,"uom","5K","contar por minuto"
uom_type_141,"uom","5P","nivel sismico"
uom_type_142,"uom","5Q","260nfor sismica"
uom_type_143,"uom","A1","15 calorías C"
uom_type_144,"uom","A10","amperio metro cuadrado por joule segundo"
uom_type_145,"uom","A11","Ã ¥ ngström"
uom_type_146,"uom","A12","unidad astronómica"
uom_type_147,"uom","A13","attojoule"
uom_type_148,"uom","A14","granero"
uom_type_149,"uom","A15","granero por electrón voltio"
uom_type_150,"uom","A16","granero por voltio de electrones esteradiano,"
uom_type_151,"uom","A17","granero por sterdian"
uom_type_152,"uom","A18","becquerel por kilogramo"
uom_type_153,"uom","A19","becquerel por metro cúbico"
uom_type_154,"uom","A2","amperio por centímetro"
uom_type_155,"uom","A20","Unidad térmica británica por segundo pie cuadrado grado Rankin"
uom_type_156,"uom","A21","Unidad térmica británica por libra grado Rankin"
uom_type_157,"uom","A22","Unidad térmica británica por segundo pie grado Rankin"
uom_type_158,"uom","A23","Unidad térmica británica por hora pie cuadrado grado Rankin"
uom_type_159,"uom","A24","candela por metro cuadrado"
uom_type_160,"uom","A25","cheval vapeur"
uom_type_161,"uom","A26","medidor de culombio"
uom_type_162,"uom","A27","medidor de culombio al cuadrado por voltio"
uom_type_163,"uom","A28","Coulomb por centímetro cúbico"
uom_type_164,"uom","A29","Coulomb por metro cúbico"
uom_type_165,"uom","A3","amperio por milímetro"
uom_type_166,"uom","A30","Coulomb por milímetro cúbico"
uom_type_167,"uom","A31","Coulomb por kilogramo segundo"
uom_type_168,"uom","A32","Coulomb por mol"
uom_type_169,"uom","A33","Coulomb por centímetro cuadrado"
uom_type_170,"uom","A34","Coulomb por metro cuadrado"
uom_type_171,"uom","A35","Coulomb por milímetro cuadrado"
uom_type_172,"uom","A36","centímetro cúbico por mol"
uom_type_173,"uom","A37","261nformaci cúbico por mol"
uom_type_174,"uom","A38","metro cúbico por coulomb"
uom_type_175,"uom","A39","metro cúbico por kilogramo"
uom_type_176,"uom","A4","amperio por centímetro cuadrado"
uom_type_177,"uom","A40","metro cúbico por mol"
uom_type_178,"uom","A41","amperio por metro cuadrado"
uom_type_179,"uom","A42","curie por kilogramo"
uom_type_180,"uom","A43","tonelaje de peso muerto"
uom_type_181,"uom","A44","decalitro"
uom_type_182,"uom","A45","decámetro"
uom_type_183,"uom","A47","decitex"
uom_type_184,"uom","A48","grado Rankin"
uom_type_185,"uom","A49","negador"
uom_type_186,"uom","A5","amperio metro cuadrado"
uom_type_187,"uom","A50","dyn segundo por centímetro cúbico"
uom_type_188,"uom","A51","dina segundo por centímetro"
uom_type_189,"uom","A52","dina segundo por centímetro al quinto"
uom_type_190,"uom","A53","electronvolt"
uom_type_191,"uom","A54","electronvoltio por metro"
uom_type_192,"uom","A55","metro electronvolt cuadrado"
uom_type_193,"uom","A56","electronvoltio de metro cuadrado por kilogramo"
uom_type_194,"uom","A57","ergio"
uom_type_195,"uom","A58","erg por centímetro"
uom_type_196,"uom","A6","amperio por metro cuadrado kelvin al cuadrado"
uom_type_197,"uom","A60","erg por centímetro cúbico"
uom_type_198,"uom","A61","erg por gramo"
uom_type_199,"uom","A62","erg por gramo de segundo"
uom_type_200,"uom","A63","erg por segundo"
uom_type_201,"uom","A64","erg por segundo centímetro cuadrado"
uom_type_202,"uom","A65","erg por centímetro cuadrado segundo"
uom_type_203,"uom","A66","erg centímetro cuadrado"
uom_type_204,"uom","A67","ergímetro cuadrado por gramo"
uom_type_205,"uom","A68","exajulio"
uom_type_206,"uom","A69","faradio por metro"
uom_type_207,"uom","A7","amperio por milímetro cuadrado"
uom_type_208,"uom","A70","femtojoule"
uom_type_209,"uom","A71","femtometro"
uom_type_210,"uom","A73","pie por segundo al cuadrado"
uom_type_211,"uom","A74","pie-fuerza de la libra por segundo"
uom_type_212,"uom","A75","tonelada de carga"
uom_type_213,"uom","A76","galón"
uom_type_214,"uom","A77","Unidad de desplazamiento CGS gaussiana"
uom_type_215,"uom","A78","Unidad gaussiana CGS de corriente eléctrica."
uom_type_216,"uom","A79","Unidad Gaussian CGS de carga eléctrica."
uom_type_217,"uom","A8","amperio segundo"
uom_type_218,"uom","A80","Unidad Gaussian CGS de intensidad de campo eléctrico."
uom_type_219,"uom","A81","Unidad Gaussian CGS de polarización eléctrica."
uom_type_220,"uom","A82","Unidad Gaussian CGS de potencial eléctrico."
uom_type_221,"uom","A83","Unidad Gaussiana CGS de magnetización."
uom_type_222,"uom","A84","gigacoulomb por metro cúbico"
uom_type_223,"uom","A85","Gigaelectronvolt"
uom_type_224,"uom","A86","gigahercios"
uom_type_225,"uom","A87","gigaohm"
uom_type_226,"uom","A88","medidor de gigaohm"
uom_type_227,"uom","A89","gigapascal"
uom_type_228,"uom","A9","tarifa"
uom_type_229,"uom","A90","gigavatios"
uom_type_230,"uom","A91","gon"
uom_type_231,"uom","A93","gramo por metro cúbico"
uom_type_232,"uom","A94","gramo por mol"
uom_type_233,"uom","A95","gris"
uom_type_234,"uom","A96","gris por segundo"
uom_type_235,"uom","A97","hectopascal"
uom_type_236,"uom","A98","Henry por metro"
uom_type_237,"uom","AA","bola"
uom_type_238,"uom","AB","paquete a granel"
uom_type_239,"uom","ACR","acre"
uom_type_240,"uom","AD","byte"
uom_type_241,"uom","AE","amperio por metro"
uom_type_242,"uom","AH","minuto adicional"
uom_type_243,"uom","AI","minuto promedio por llamada"
uom_type_244,"uom","AJ","policía"
uom_type_245,"uom","AK","braza"
uom_type_246,"uom","AL","263nfor de acceso"
uom_type_247,"uom","AM","ampolla"
uom_type_248,"uom","AMH","hora amperio"
uom_type_249,"uom","AMP","amperio"
uom_type_250,"uom","ANA","año"
uom_type_251,"uom","AP","solo libra de aluminio"
uom_type_252,"uom","APZ","onza troy o onza de boticarios"
uom_type_253,"uom","AQ","Unidad de factor antihemofílico (AHF)"
uom_type_254,"uom","AR","supositorio"
uom_type_255,"uom","SON","son"
uom_type_256,"uom","COMO","surtido"
uom_type_257,"uom","ASM","fuerza alcohólica en masa"
uom_type_258,"uom","ASU","fuerza alcohólica por volumen"
uom_type_259,"uom","ATM","ambiente estándar"
uom_type_260,"uom","ATT","ambiente técnico"
uom_type_261,"uom","AV","cápsula"
uom_type_262,"uom","AW","vial lleno de polvo"
uom_type_263,"uom","SÍ","montaje"
uom_type_264,"uom","AZ","Unidad térmica británica por libra"
uom_type_265,"uom","B0","Btu por pie cúbico"
uom_type_266,"uom","B1","barril (US) por día"
uom_type_267,"uom","B11","julios por kilogramo kelvin"
uom_type_268,"uom","B12","julios por metro"
uom_type_269,"uom","B13","julios por metro cuadrado"
uom_type_270,"uom","B14","julios por metro a la cuarta potencia"
uom_type_271,"uom","B15","julios por mol"
uom_type_272,"uom","B16","julios por mol kelvin"
uom_type_273,"uom","B18","joule segundo"
uom_type_274,"uom","B2","litera"
uom_type_275,"uom","B20","joule metro cuadrado por kilogramo"
uom_type_276,"uom","B21","kelvin por vatio"
uom_type_277,"uom","B22","Kiloampere"
uom_type_278,"uom","B23","kiloampere por metro cuadrado"
uom_type_279,"uom","B24","kiloampere por metro"
uom_type_280,"uom","B25","kilobecquerel por kilogramo"
uom_type_281,"uom","B26","kilocoulomb"
uom_type_282,"uom","B27","kilocoulomb por metro cúbico"
uom_type_283,"uom","B28","kilocoulomb por metro cuadrado"
uom_type_284,"uom","B29","kiloelectronvolt"
uom_type_285,"uom","B3","libra de bateo"
uom_type_286,"uom","B31","kilogramo metro por segundo"
uom_type_287,"uom","B32","kilogramo metro cuadrado"
uom_type_288,"uom","B33","kilogramo metro cuadrado por segundo"
uom_type_289,"uom","B34","kilogramo por decímetro cúbico"
uom_type_290,"uom","B35","kilogramo por litro"
uom_type_291,"uom","B36","caloría termoquímica por gramo"
uom_type_292,"uom","B37","kilogramo de fuerza"
uom_type_293,"uom","B38","metro de fuerza de kilogramo"
uom_type_294,"uom","B39","metro de fuerza de kilogramo por segundo"
uom_type_295,"uom","B4","barril, imperial"
uom_type_296,"uom","B40","kilogramo de fuerza por metro cuadrado"
uom_type_297,"uom","B41","kilojoule per kelvin"
uom_type_298,"uom","B42","kilojoule por kilogramo"
uom_type_299,"uom","B43","kilojoule por kilogramo kelvin"
uom_type_300,"uom","B44","kilojoule por mol"
uom_type_301,"uom","B45","kilomol"
uom_type_302,"uom","B46","kilomol por metro cúbico"
uom_type_303,"uom","B47","Kilonewton"
uom_type_304,"uom","B48","medidor de kilonewton"
uom_type_305,"uom","B49","kiloohm"
uom_type_306,"uom","B5","palanquilla"
uom_type_307,"uom","B50","medidor de kiloohm"
uom_type_308,"uom","B51","kilopond"
uom_type_309,"uom","B52","kilosegundo"
uom_type_310,"uom","B53","kilosiemens"
uom_type_311,"uom","B54","kilosiemens por metro"
uom_type_312,"uom","B55","kilovoltios por metro"
uom_type_313,"uom","B56","kiloveber por metro"
uom_type_314,"uom","B57","año luz"
uom_type_315,"uom","B58","litro por mol"
uom_type_316,"uom","B59","hora lumen"
uom_type_317,"uom","B6","bollo"
uom_type_318,"uom","B60","lumen por metro cuadrado"
uom_type_319,"uom","B61","lumen por vatio"
uom_type_320,"uom","B62","lumen segundo"
uom_type_321,"uom","B63","hora de lux"
uom_type_322,"uom","B64","lux segundo"
uom_type_323,"uom","B65","Maxwell"
uom_type_324,"uom","B66","megaamperios por metro cuadrado"
uom_type_325,"uom","B67","megabecquerel por kilogramo"
uom_type_326,"uom","B69","megacoulomb por metro cúbico"
uom_type_327,"uom","B7","ciclo"
uom_type_328,"uom","B70","megacoulomb por metro cuadrado"
uom_type_329,"uom","B71","megaelectronvolt"
uom_type_330,"uom","B72","megagramo por metro cúbico"
uom_type_331,"uom","B73","meganewton"
uom_type_332,"uom","B74","medidor de meganewton"
uom_type_333,"uom","B75","megaohm"
uom_type_334,"uom","B76","metro megaohm"
uom_type_335,"uom","B77","megasiemens por metro"
uom_type_336,"uom","B78","megavoltio"
uom_type_337,"uom","B79","megavolt por metro"
uom_type_338,"uom","B8","julios por metro cúbico"
uom_type_339,"uom","B81","metro recíproco cuadrado recíproco segundo"
uom_type_340,"uom","B83","metro a la cuarta potencia"
uom_type_341,"uom","B84","microamperios"
uom_type_342,"uom","B85","microbar"
uom_type_343,"uom","B86","microcoulomb"
uom_type_344,"uom","B87","microcoulomb por metro cúbico"
uom_type_345,"uom","B88","microcoulomb por metro cuadrado"
uom_type_346,"uom","B89","microfarada por metro"
uom_type_347,"uom","B9","batt"
uom_type_348,"uom","B90","microhenry"
uom_type_349,"uom","B91","microhenry por metro"
uom_type_350,"uom","B92","micronewton"
uom_type_351,"uom","B93","medidor de micronewton"
uom_type_352,"uom","B94","microohm"
uom_type_353,"uom","B95","medidor de microohmios"
uom_type_354,"uom","B96","micropascal"
uom_type_355,"uom","B97","microradiano"
uom_type_356,"uom","B98","microsegundo"
uom_type_357,"uom","B99","microsiemens"
uom_type_358,"uom","BAR","bar"
uom_type_359,"uom","BB","caja base"
uom_type_360,"uom","BD","tablero"
uom_type_361,"uom","SER","haz"
uom_type_362,"uom","BFT","pie de tabla"
uom_type_363,"uom","BG","bolso"
uom_type_364,"uom","BH","cepillo"
uom_type_365,"uom","BHP ","potencia al freno"
uom_type_366,"uom","BIL","trillón de dólares"
uom_type_367,"uom","BJ","cangilón"
uom_type_368,"uom","BK","cesta"
uom_type_369,"uom","BL","bala"
uom_type_370,"uom","BLD","barril seco"
uom_type_371,"uom","BLL","barril (EE. UU.) (petróleo, etc.)"
uom_type_372,"uom","BO","botella"
uom_type_373,"uom","BP","cien pies de tabla"
uom_type_374,"uom","BQL","becquerel"
uom_type_375,"uom","BR","bar"
uom_type_376,"uom","BT","tornillo"
uom_type_377,"uom","BTU","Unidad Térmica Británica"
uom_type_378,"uom","BUA","bushel (EE. UU.)"
uom_type_379,"uom","BUI","bushel (Reino Unido)"
uom_type_380,"uom","BW","peso base"
uom_type_381,"uom","BX","caja"
uom_type_382,"uom","BZ","millones de BTUs"
uom_type_383,"uom","C0","llamada"
uom_type_384,"uom","C1","producto compuesto libra (peso total)"
uom_type_385,"uom","C10","millifarad"
uom_type_386,"uom","C11","miligal"
uom_type_387,"uom","C12","miligramo por metro"
uom_type_388,"uom","C13","miligray"
uom_type_389,"uom","C14","milihenry"
uom_type_390,"uom","C15","milijoule"
uom_type_391,"uom","C16","milímetro por segundo"
uom_type_392,"uom","C17","milímetro cuadrado por segundo"
uom_type_393,"uom","C18","milimol"
uom_type_394,"uom","C19","mol por kilogramo"
uom_type_395,"uom","C2","carset"
uom_type_396,"uom","C20","millinewton"
uom_type_397,"uom","C22","millinewton por metro"
uom_type_398,"uom","C23","medidor de miliohm"
uom_type_399,"uom","C24","segundo milipascal"
uom_type_400,"uom","C25","miliradian"
uom_type_401,"uom","C26","milisegundo"
uom_type_402,"uom","C27","milisiemens"
uom_type_403,"uom","C28","milisievert"
uom_type_404,"uom","C29","millitesla"
uom_type_405,"uom","C3","microvoltios por metro"
uom_type_406,"uom","C30","milivoltios por metro"
uom_type_407,"uom","C31","milivatios"
uom_type_408,"uom","C32","milivatios por metro cuadrado"
uom_type_409,"uom","C33","milliweber"
uom_type_410,"uom","C34","Topo"
uom_type_411,"uom","C35","mol por decímetro cúbico"
uom_type_412,"uom","C36","mol por metro cúbico"
uom_type_413,"uom","C38","mol por litro"
uom_type_414,"uom","C39","Nanoampere"
uom_type_415,"uom","C4","partido de carga"
uom_type_416,"uom","C40","nanocoulomb"
uom_type_417,"uom","C41","nanofarad"
uom_type_418,"uom","C42","nanofarad por metro"
uom_type_419,"uom","C43","nanohenry"
uom_type_420,"uom","C44","nanohenry por metro"
uom_type_421,"uom","C45","nanometro"
uom_type_422,"uom","C46","medidor de nanoohm"
uom_type_423,"uom","C47","nanosegundo"
uom_type_424,"uom","C48","nanotesla"
uom_type_425,"uom","C49","nanovatio"
uom_type_426,"uom","C5","costo"
uom_type_427,"uom","C50","neper"
uom_type_428,"uom","C51","neper por segundo"
uom_type_429,"uom","C52","picometro"
uom_type_430,"uom","C53","metro de newton segundo"
uom_type_431,"uom","C54","newton metro cuadrado kilogramo cuadrado"
uom_type_432,"uom","C55","newton por metro cuadrado"
uom_type_433,"uom","C56","newton por milímetro cuadrado"
uom_type_434,"uom","C57","newton segundo"
uom_type_435,"uom","C58","newton segundo por metro"
uom_type_436,"uom","C59","octava"
uom_type_437,"uom","C6","célula"
uom_type_438,"uom","C60","ohm centímetro"
uom_type_439,"uom","C61","ohm metro"
uom_type_440,"uom","C62","uno"
uom_type_441,"uom","C63","parsec"
uom_type_442,"uom","C64","pascal por kelvin"
uom_type_443,"uom","C65","segundo pascal"
uom_type_444,"uom","C66","segundo pascal por metro cúbico"
uom_type_445,"uom","C67","segundo pascal por metro"
uom_type_446,"uom","C68","petajoule"
uom_type_447,"uom","C69","telefono"
uom_type_448,"uom","C7","centipoise"
uom_type_449,"uom","C70","picoampere"
uom_type_450,"uom","C71","picocoulomb"
uom_type_451,"uom","C72","picofarad por metro"
uom_type_452,"uom","C73","picohenry"
uom_type_453,"uom","C75","picowatt"
uom_type_454,"uom","C76","picowatt por metro cuadrado"
uom_type_455,"uom","C77","medidor de libras"
uom_type_456,"uom","C78","fuerza de libra"
uom_type_457,"uom","C8","Millicoulomb por kilogramo"
uom_type_458,"uom","C80","rad"
uom_type_459,"uom","C81","radián"
uom_type_460,"uom","C82","medidor de radianes al cuadrado por mol"
uom_type_461,"uom","C83","medidor de radianes al cuadrado por kilogramo"
uom_type_462,"uom","C84","radian por metro"
uom_type_463,"uom","C85","â € ngstr recíproco “m"
uom_type_464,"uom","C86","metro cúbico recíproco"
uom_type_465,"uom","C87","metro cúbico recíproco por segundo"
uom_type_466,"uom","C88","voltios de electrones recíprocos por metro cúbico"
uom_type_467,"uom","C89","Henry Recíproco"
uom_type_468,"uom","C9","grupo de bobina"
uom_type_469,"uom","C90","Joule recíproco por metro cúbico"
uom_type_470,"uom","C91","kelvin recíproco o kelvin al poder menos uno"
uom_type_471,"uom","C92","medidor recíproco"
uom_type_472,"uom","C93","metro cuadrado recíproco"
uom_type_473,"uom","C94","minuto recíproco"
uom_type_474,"uom","C95","mole recíproco"
uom_type_475,"uom","C96","Pascal recíproco o pascal a la potencia menos uno."
uom_type_476,"uom","C97","segundo recíproco"
uom_type_477,"uom","C98","segundo recíproco por metro cúbico"
uom_type_478,"uom","C99","segundo recíproco por metro cuadrado"
uom_type_479,"uom","CA","Caja"
uom_type_480,"uom","CCT","Capacidad de carga en toneladas métricas."
uom_type_481,"uom","CDL","candela"
uom_type_482,"uom","CEL","grado Celsius"
uom_type_483,"uom","CEN","cien"
uom_type_484,"uom","CG","tarjeta"
uom_type_485,"uom","CGM","centigramo"
uom_type_486,"uom","CH","envase"
uom_type_487,"uom","CJ","cono"
uom_type_488,"uom","CK","conector"
uom_type_489,"uom","CKG","Coulomb por kilogramo"
uom_type_490,"uom","CL","bobina"
uom_type_491,"uom","CLF","cientos de licencia"
uom_type_492,"uom","CLT","centilitro"
uom_type_493,"uom","CMK","centímetro cuadrado"
uom_type_494,"uom","CMQ","centímetro cúbico"
uom_type_495,"uom","CMT","centímetro"
uom_type_496,"uom","CNP","paquete de cien"
uom_type_497,"uom","CNT","Cental (Reino Unido)"
uom_type_498,"uom","CO","garrafón"
uom_type_499,"uom","COU","culombio"
uom_type_500,"uom","CQ","cartucho"
uom_type_501,"uom","CR","caja"
uom_type_502,"uom","CS","caso"
uom_type_503,"uom","CT","caja de cartón"
uom_type_504,"uom","CTM","quilate métrico"
uom_type_505,"uom","CU","vaso"
uom_type_506,"uom","CUR","curie"
uom_type_507,"uom","CV","cubrir"
uom_type_508,"uom","CWA","cien libras (quintales) / cien pesos (US)"
uom_type_509,"uom","CWI","cien pesos (Reino Unido)"
uom_type_510,"uom","CY","cilindro"
uom_type_511,"uom","CZ","combo"
uom_type_512,"uom","D1","segundo recíproco por esteradiano"
uom_type_513,"uom","D10","siemens por metro"
uom_type_514,"uom","D12","siemens metro cuadrado por mol"
uom_type_515,"uom","D13","sievert"
uom_type_516,"uom","D14","mil yardas lineales"
uom_type_517,"uom","D15","sone"
uom_type_518,"uom","D16","centímetro cuadrado por ergio"
uom_type_519,"uom","D17","centímetro cuadrado por erg esterlina"
uom_type_520,"uom","D18","metro kelvin"
uom_type_521,"uom","D19","kelvin metro cuadrado por vatio"
uom_type_522,"uom","D2","segundo recíproco por metros cuadrados esteradianos"
uom_type_523,"uom","D20","metro cuadrado por julio"
uom_type_524,"uom","D21","metro cuadrado por kilogramo"
uom_type_525,"uom","D22","metro cuadrado por mol"
uom_type_526,"uom","D23","pluma gramo (proteína)"
uom_type_527,"uom","D24","metro cuadrado por esterilizador"
uom_type_528,"uom","D25","metro cuadrado por julios esteradianos"
uom_type_529,"uom","D26","metro cuadrado por voltio segundo"
uom_type_530,"uom","D27","esteradiano"
uom_type_531,"uom","D28","sifón"
uom_type_532,"uom","D29","terahercios"
uom_type_533,"uom","D30","terajulio"
uom_type_534,"uom","D31","teravatio"
uom_type_535,"uom","D32","hora de teravatio"
uom_type_536,"uom","D33","tesla"
uom_type_537,"uom","D34","Texas"
uom_type_538,"uom","D35","caloría termoquímica"
uom_type_539,"uom","D37","caloría termoquímica por gramo kelvin"
uom_type_540,"uom","D38","calorías termoquímicas por segundo centímetro kelvin"
uom_type_541,"uom","D39","calorías termoquímicas por segundo centímetro cuadrado kelvin"
uom_type_542,"uom","D40","mil litros"
uom_type_543,"uom","D41","tonelada por metro cúbico"
uom_type_544,"uom","D42","año tropical"
uom_type_545,"uom","D43","unidad de masa atómica unificada"
uom_type_546,"uom","D44","var"
uom_type_547,"uom","D45","voltios al cuadrado por kelvin al cuadrado"
uom_type_548,"uom","D46","voltio – amperio"
uom_type_549,"uom","D47","voltio por centímetro"
uom_type_550,"uom","D48","voltio por kelvin"
uom_type_551,"uom","D49","milivoltios por kelvin"
uom_type_552,"uom","D5","kilogramo por centímetro cuadrado"
uom_type_553,"uom","D50","voltios por metro"
uom_type_554,"uom","D51","voltios por milímetro"
uom_type_555,"uom","D52","vatios por kelvin"
uom_type_556,"uom","D53","vatios por metro kelvin"
uom_type_557,"uom","D54","vatios por metro cuadrado"
uom_type_558,"uom","D55","vatios por metro cuadrado kelvin"
uom_type_559,"uom","D56","vatios por metro cuadrado de kelvin a la cuarta potencia"
uom_type_560,"uom","D57","vatios por steradian"
uom_type_561,"uom","D58","vatios por metro cuadrado esterlino"
uom_type_562,"uom","D59","weber por metro"
uom_type_563,"uom","D6","röntgen por segundo"
uom_type_564,"uom","D60","weber por milímetro"
uom_type_565,"uom","D61","minuto"
uom_type_566,"uom","D62","segundo"
uom_type_567,"uom","D63","libro"
uom_type_568,"uom","D64","bloquear"
uom_type_569,"uom","D65","redondo"
uom_type_570,"uom","D66","casete"
uom_type_571,"uom","D67","dólar por hora"
uom_type_572,"uom","D69","pulgada a la cuarta potencia"
uom_type_573,"uom","D7","Sandwich"
uom_type_574,"uom","D70","Tabla Internacional (IT) caloría"
uom_type_575,"uom","D71","Tabla Internacional (IT) calorías por segundo centímetro kelvin"
uom_type_576,"uom","D72","Tabla Internacional (IT) calorías por segundo centímetro cuadrado kelvin"
uom_type_577,"uom","D73","joule metro cuadrado"
uom_type_578,"uom","D74","kilogramo por mol"
uom_type_579,"uom","D75","Tabla Internacional (IT) calorías por gramo"
uom_type_580,"uom","D76","Tabla Internacional (IT) calorías por gramo kelvin"
uom_type_581,"uom","D77","megacoulomb"
uom_type_582,"uom","D79","haz"
uom_type_583,"uom","D8","puntaje de drenaje"
uom_type_584,"uom","D80","microwatt"
uom_type_585,"uom","D81","microtesla"
uom_type_586,"uom","D82","microvoltio"
uom_type_587,"uom","D83","medidor de millinewton"
uom_type_588,"uom","D85","microwatt por metro cuadrado"
uom_type_589,"uom","D86","Millicoulomb"
uom_type_590,"uom","D87","milimol por kilogramo"
uom_type_591,"uom","D88","millicoulomb por metro cúbico"
uom_type_592,"uom","D89","millicoulomb por metro cuadrado"
uom_type_593,"uom","D9","dina por centímetro cuadrado"
uom_type_594,"uom","D90","metro cúbico (neto)"
uom_type_595,"uom","D91","movimiento rápido del ojo"
uom_type_596,"uom","D92","banda"
uom_type_597,"uom","D93","segundo por metro cúbico"
uom_type_598,"uom","D94","segundo por metro cúbico radianes"
uom_type_599,"uom","D95","julios por gramo"
uom_type_600,"uom","D96","libra bruta"
uom_type_601,"uom","D97","carga de palet / unidad"
uom_type_602,"uom","D98","libra de masa"
uom_type_603,"uom","D99","manga"
uom_type_604,"uom","DAA","despreciar"
uom_type_605,"uom","DAD","diez dias"
uom_type_606,"uom","DAY","día"
uom_type_607,"uom","DB","libra seca"
uom_type_608,"uom","DC","disco"
uom_type_609,"uom","DD","la licenciatura"
uom_type_610,"uom","DE","acuerdo"
uom_type_611,"uom","DEC","década"
uom_type_612,"uom","DG","decigramo"
uom_type_613,"uom","DI","dispensador"
uom_type_614,"uom","DJ","decagramo"
uom_type_615,"uom","DLT","decilitro"
uom_type_616,"uom","DMK","263nformaci cuadrado"
uom_type_617,"uom","DMQ","decímetro cúbico"
uom_type_618,"uom","DMT","decímetro"
uom_type_619,"uom","DN","medidor de decinewton"
uom_type_620,"uom","DPC","docena pieza"
uom_type_621,"uom","DPR","docena par"
uom_type_622,"uom","DPT","tonelaje de desplazamiento"
uom_type_623,"uom","DQ","registro de datos"
uom_type_624,"uom","DR","tambor"
uom_type_625,"uom","DRA","dram (US)"
uom_type_626,"uom","DRI","dram (Reino Unido)"
uom_type_627,"uom","DRL","docena rollo"
uom_type_628,"uom","DRM","dracma (Reino Unido)"
uom_type_629,"uom","DS","monitor"
uom_type_630,"uom","DT","tonelada seca"
uom_type_631,"uom","DTN","Decitonne"
uom_type_632,"uom","DU","dina"
uom_type_633,"uom","DWT","pennyweight"
uom_type_634,"uom","DX","dina por centímetro"
uom_type_635,"uom","DY","libro de directorio"
uom_type_636,"uom","DZN","docena"
uom_type_637,"uom","DZP","paquete de doce"
uom_type_638,"uom","E2","cinturón"
uom_type_639,"uom","E3","remolque"
uom_type_640,"uom","E4","kilogramo bruto"
uom_type_641,"uom","E5","tonelada métrica larga"
uom_type_642,"uom","EA","cada"
uom_type_643,"uom","EB","casilla de correo electrónico"
uom_type_644,"uom","CE","cada uno por mes"
uom_type_645,"uom","EP","paquete de once"
uom_type_646,"uom","EQ","galón equivalente"
uom_type_647,"uom","EV","sobre"
uom_type_648,"uom","F1","mil pies cúbicos por día"
uom_type_649,"uom","F9","Fibra por centímetro cúbico de aire"
uom_type_650,"uom","FAH","grado Fahrenheit"
uom_type_651,"uom","FAR","faradio"
uom_type_652,"uom","FB","campo"
uom_type_653,"uom","FC","mil pies cúbicos"
uom_type_654,"uom","FD","millón de partículas por pie cúbico"
uom_type_655,"uom","FE","pie de pista"
uom_type_656,"uom","FF","cien metros cúbicos"
uom_type_657,"uom","FG","parche transdérmico"
uom_type_658,"uom","FH","micromol"
uom_type_659,"uom","FL","tonelada en escamas"
uom_type_660,"uom","FM","millones de pies cúbicos"
uom_type_661,"uom","FOT","pie"
uom_type_662,"uom","FP","libra por pie cuadrado"
uom_type_663,"uom","FR","pie por minuto"
uom_type_664,"uom","FS","pie por segundo"
uom_type_665,"uom","FTK","pie cuadrado"
uom_type_666,"uom","FTQ","pie cubico"
uom_type_667,"uom","G2","US galones por minuto"
uom_type_668,"uom","G3","Galon imperial por minuto"
uom_type_669,"uom","G7","hoja de microficha"
uom_type_670,"uom","GB","galón (US) por día"
uom_type_671,"uom","GBQ","gigabecquerel"
uom_type_672,"uom","GC","gramo por 100 gramo"
uom_type_673,"uom","GD","barril bruto"
uom_type_674,"uom","GE","libra por galón (US)"
uom_type_675,"uom","GF","gramo por metro (gramo por 100 centímetros)"
uom_type_676,"uom","GFI","gramo de isótopo fisionable"
uom_type_677,"uom","GGR","gramo"
uom_type_678,"uom","GH","medio galón (EE. UU.)"
uom_type_679,"uom","GIA","branquias"
uom_type_680,"uom","GII","Gill (Reino Unido)"
uom_type_681,"uom","GJ","gramo por mililitro"
uom_type_682,"uom","G K","gramo por kilogramo"
uom_type_683,"uom","GL","gramo por litro"
uom_type_684,"uom","GLD","galón seco (EE. UU.)"
uom_type_685,"uom","GLI","galón (Reino Unido)"
uom_type_686,"uom","GLL","galón"
uom_type_687,"uom","GM","gramo por metro cuadrado"
uom_type_688,"uom","GN","galón bruto"
uom_type_689,"uom","GO","miligramos por metro cuadrado"
uom_type_690,"uom","GP","miligramo por metro cúbico"
uom_type_691,"uom","GQ","microgramos por metro cúbico"
uom_type_692,"uom","GRM","gramo"
uom_type_693,"uom","GRN","grano"
uom_type_694,"uom","GRO","bruto"
uom_type_695,"uom","GRT","tonelada de registro bruto"
uom_type_696,"uom","GT","tonelada bruta"
uom_type_697,"uom","GV","gigajoule"
uom_type_698,"uom","GW","galón por mil pies cúbicos"
uom_type_699,"uom","GWH","hora de gigavatios"
uom_type_700,"uom","GY","patio bruto"
uom_type_701,"uom","GZ","sistema de medición"
uom_type_702,"uom","H1","media página – electrónica"
uom_type_703,"uom","H2","medio litro"
uom_type_704,"uom","HA","madeja"
uom_type_705,"uom","HAR","hectárea"
uom_type_706,"uom","HBA","hectobar"
uom_type_707,"uom","HBX","cien cajas"
uom_type_708,"uom","HC","cien cuentas"
uom_type_709,"uom","HD","media docena"
uom_type_710,"uom","ÉL","centésima de quilate"
uom_type_711,"uom","HF","cien pies"
uom_type_712,"uom","HGM","hectogramo"
uom_type_713,"uom","HH","cien pies cúbicos"
uom_type_714,"uom","HI","cien hojas"
uom_type_715,"uom","HIU","cien unidades internacionales"
uom_type_716,"uom","HJ","caballo métrico"
uom_type_717,"uom","HK","cien kilogramos"
uom_type_718,"uom","HL","cien pies (lineales)"
uom_type_719,"uom","HLT","hectolitro"
uom_type_720,"uom","HM","milla por hora"
uom_type_721,"uom","HMQ","millones de metros cúbicos"
uom_type_722,"uom","HMT","hectómetro"
uom_type_723,"uom","HN","milímetro convencional de mercurio"
uom_type_724,"uom","HO","cien onzas troy"
uom_type_725,"uom","HP","milímetro convencional de agua"
uom_type_726,"uom","HPA","hectolitro de alcohol puro"
uom_type_727,"uom","HS","cien pies cuadrados"
uom_type_728,"uom","HT","media hora"
uom_type_729,"uom","HTZ","hertz"
uom_type_730,"uom","HUR","hora"
uom_type_731,"uom","HY","cien yardas"
uom_type_732,"uom","IA","pulgada libra"
uom_type_733,"uom","IC","contar por pulgada"
uom_type_734,"uom","IE","persona"
uom_type_735,"uom","IF","pulgadas de agua"
uom_type_736,"uom","II","columna pulgada"
uom_type_737,"uom","IL","pulgada por minuto"
uom_type_738,"uom","IM","impresión"
uom_type_739,"uom","INH","pulgada"
uom_type_740,"uom","INK","pulgada cuadrada"
uom_type_741,"uom","INQ","pulgada en cubos"
uom_type_742,"uom","IP","póliza de seguros"
uom_type_743,"uom","IT","conteo por centímetro"
uom_type_744,"uom","IU","pulgada por segundo (velocidad lineal)"
uom_type_745,"uom","IV","pulgada por segundo al cuadrado (aceleración)"
uom_type_746,"uom","J2","julios por kilogramo"
uom_type_747,"uom","JB","jumbo"
uom_type_748,"uom","JE","joule por kelvin"
uom_type_749,"uom","JG","jarra"
uom_type_750,"uom","JK","megajulio por kilogramo"
uom_type_751,"uom","JM","megajulio por metro cúbico"
uom_type_752,"uom","JO","articulación"
uom_type_753,"uom","JOU","joule"
uom_type_754,"uom","JR","tarro"
uom_type_755,"uom","K1","demanda de kilovatios"
uom_type_756,"uom","K2","kilovoltios amperios reactivos de demanda"
uom_type_757,"uom","K3","kilovoltio amperio hora reactiva"
uom_type_758,"uom","K5","amperios kilovoltios (reactivos)"
uom_type_759,"uom","K6","kilolitro"
uom_type_760,"uom","KA","pastel"
uom_type_761,"uom","KB","kilocharacter"
uom_type_762,"uom","KBA","kilobar"
uom_type_763,"uom","KD","kilogramo decimal"
uom_type_764,"uom","KEL","kelvin"
uom_type_765,"uom","KF","kilopacket"
uom_type_766,"uom","KG","barrilete"
uom_type_767,"uom","KGM","kilogramo"
uom_type_768,"uom","KGS","kilogramo por segundo"
uom_type_769,"uom","KHZ","kilohercio"
uom_type_770,"uom","KI","Kilogramo por milímetro de ancho"
uom_type_771,"uom","KJ","kilosegmento"
uom_type_772,"uom","KJO","kilojoule"
uom_type_773,"uom","KL","kilogramo por metro"
uom_type_774,"uom","KMH","kilómetro por hora"
uom_type_775,"uom","KMK","kilometro cuadrado"
uom_type_776,"uom","KMQ","kilogramo por metro cúbico"
uom_type_777,"uom","KNI","kilogramo de nitrógeno"
uom_type_778,"uom","KNS","kilogramo de sustancia nombrada"
uom_type_779,"uom","KNT","nudo"
uom_type_780,"uom","KO","Milliequivalencia de potasa cáustica por gramo de producto."
uom_type_781,"uom","KPA","kilopascal"
uom_type_782,"uom","KPH","kilogramo de hidróxido de potasio (potasa cáustica)"
uom_type_783,"uom","KPO","kilogramo de óxido de potasio"
uom_type_784,"uom","KPP","kilogramo de pentóxido de fósforo (anhídrido fosfórico)"
uom_type_785,"uom","KR","KilorÃ¶ntgen"
uom_type_786,"uom","KS","mil libras por pulgada cuadrada"
uom_type_787,"uom","KSD","kilogramo de sustancia 90% seca"
uom_type_788,"uom","KSH","kilogramo de hidróxido de sodio (soda cáustica)"
uom_type_789,"uom","KT","equipo"
uom_type_790,"uom","KTM","kilómetro"
uom_type_791,"uom","KTN","kilotonne"
uom_type_792,"uom","KUR","kilogramo de uranio"
uom_type_793,"uom","KVA","kilovoltio – ampere"
uom_type_794,"uom","KVR","kilovar"
uom_type_795,"uom","KVT","kilovoltio"
uom_type_796,"uom","KW","kilogramos por milímetro"
uom_type_797,"uom","KWH","kilovatios hora"
uom_type_798,"uom","KWT","kilovatio"
uom_type_799,"uom","KX","mililitro por kilogramo"
uom_type_800,"uom","L2","litro por minuto"
uom_type_801,"uom","LA","libra por pulgada cúbica"
uom_type_802,"uom","LBR","libra"
uom_type_803,"uom","LBT","libra troy"
uom_type_804,"uom","LC","centímetro lineal"
uom_type_805,"uom","LD","litro por día"
uom_type_806,"uom","LE","lite"
uom_type_807,"uom","LEF","hoja"
uom_type_808,"uom","LF","pie lineal"
uom_type_809,"uom","LH","hora de trabajo"
uom_type_810,"uom","LI","pulgada lineal"
uom_type_811,"uom","LJ","spray grande"
uom_type_812,"uom","LK","enlazar"
uom_type_813,"uom","LM","metro lineal"
uom_type_814,"uom","LN","longitud"
uom_type_815,"uom","LO","mucho"
uom_type_816,"uom","LP","libra liquida"
uom_type_817,"uom","LPA","litro de alcohol puro"
uom_type_818,"uom","LR","capa"
uom_type_819,"uom","LS","Suma global"
uom_type_820,"uom","LTN","ton (Reino Unido) o longton (EE. UU.)"
uom_type_821,"uom","LTR","litro"
uom_type_822,"uom","LUM","lumen"
uom_type_823,"uom","LUX","lux"
uom_type_824,"uom","LX","yarda lineal por libra"
uom_type_825,"uom","LY","yarda lineal"
uom_type_826,"uom","M0","cinta magnética"
uom_type_827,"uom","M1","miligramos por litro"
uom_type_828,"uom","M4","valor monetario"
uom_type_829,"uom","M5","microcurie"
uom_type_830,"uom","M7","micropulgada"
uom_type_831,"uom","M9","millones de Btu por 1000 pies cúbicos"
uom_type_832,"uom","MA","máquina por unidad"
uom_type_833,"uom","MAL","mega litro"
uom_type_834,"uom","MAM","megametro"
uom_type_835,"uom","MAW","megavatio"
uom_type_836,"uom","MBE","mil equivalentes de ladrillo estándar"
uom_type_837,"uom","MBF","mil pies de tabla"
uom_type_838,"uom","MBR","milibar"
uom_type_839,"uom","MC","microgramo"
uom_type_840,"uom","MCU","milicurie"
uom_type_841,"uom","MD","aire seco tonelada métrica"
uom_type_842,"uom","MF","miligramo por pie cuadrado por lado"
uom_type_843,"uom","MGM","miligramo"
uom_type_844,"uom","MGM","megahercio"
uom_type_845,"uom","MIK","milla cuadrada"
uom_type_846,"uom","MIL","mil"
uom_type_847,"uom","MIN","minuto"
uom_type_848,"uom","MIO","millón"
uom_type_849,"uom","MIU","millones de unidades internacionales"
uom_type_850,"uom","MK","miligramo por pulgada cuadrada"
uom_type_851,"uom","MLD","mil millones"
uom_type_852,"uom","MLT","mililitro"
uom_type_853,"uom","MMK","milímetro cuadrado"
uom_type_854,"uom","MMQ","milímetro cúbico"
uom_type_855,"uom","MMT","milímetro"
uom_type_856,"uom","LUN","mes"
uom_type_857,"uom","MPA","megapascal"
uom_type_858,"uom","MQ","mil metros"
uom_type_859,"uom","MQH","metro cúbico por hora"
uom_type_860,"uom","MQS","metro cúbico por segundo"
uom_type_861,"uom","MSK","metro por segundo al cuadrado"
uom_type_862,"uom","MT","estera"
uom_type_863,"uom","MTK","metro cuadrado"
uom_type_864,"uom","MTQ","Metro cúbico"
uom_type_865,"uom","MTR","metro"
uom_type_866,"uom","MTS","metro por segundo"
uom_type_867,"uom","MV","numero de mults"
uom_type_868,"uom","MVA","megavolt – ampere"
uom_type_869,"uom","MWH","megavatios hora (1000 kW.h)"
uom_type_870,"uom","N1","calorías de la pluma"
uom_type_871,"uom","N2","número de líneas"
uom_type_872,"uom","N3","punto de impresión"
uom_type_873,"uom","NA","miligramo por kilogramo"
uom_type_874,"uom","NAR","número de artículos"
uom_type_875,"uom","NB","barcaza"
uom_type_876,"uom","NBB","número de bobinas"
uom_type_877,"uom","NC","coche"
uom_type_878,"uom","NCL","número de celdas"
uom_type_879,"uom","ND","barril neto"
uom_type_880,"uom","NE","litro neto"
uom_type_881,"uom","NEW","newton"
uom_type_882,"uom","NF","mensaje"
uom_type_883,"uom","NG","galón neto (nosotros)"
uom_type_884,"uom","NH","hora del mensaje"
uom_type_885,"uom","NI","galón imperial neto"
uom_type_886,"uom","NIU","número de unidades internacionales"
uom_type_887,"uom","NJ","número de pantallas"
uom_type_888,"uom","NL","carga"
uom_type_889,"uom","MNI","milla nautica"
uom_type_890,"uom","NMP","número de paquetes"
uom_type_891,"uom","NN","entrenar"
uom_type_892,"uom","NPL","número de parcelas"
uom_type_893,"uom","NPR","numero de pares"
uom_type_894,"uom","TNP","numero de partes"
uom_type_895,"uom","NQ","mho"
uom_type_896,"uom","NR","micromho"
uom_type_897,"uom","NRL","número de rollos"
uom_type_898,"uom","NT","tonelada neta"
uom_type_899,"uom","NTT","registro neto de toneladas"
uom_type_900,"uom","NU","medidor de newton"
uom_type_901,"uom","NV","vehículo"
uom_type_902,"uom","NX","parte por mil"
uom_type_903,"uom","NY","libra por aire seco tonelada métrica"
uom_type_904,"uom","OA","panel"
uom_type_905,"uom","OHM","ohm"
uom_type_906,"uom","EN","onza por yarda cuadrada"
uom_type_907,"uom","ONZ","onza"
uom_type_908,"uom","OP","Dos paquetes"
uom_type_909,"uom","OT","hora extra"
uom_type_910,"uom","ONZ","onza av"
uom_type_911,"uom","OZA","onza líquida (US)"
uom_type_912,"uom","OZI","onza líquida (Reino Unido)"
uom_type_913,"uom","P0","pagina – electronica"
uom_type_914,"uom","P1","por ciento"
uom_type_915,"uom","P2","libra por pie"
uom_type_916,"uom","P3","paquete de tres"
uom_type_917,"uom","P4","paquete de cuatro"
uom_type_918,"uom","P5","paquete de cinco"
uom_type_919,"uom","P6","paquete de seis"
uom_type_920,"uom","P7","paquete de siete"
uom_type_921,"uom","P8","paquete de ocho"
uom_type_922,"uom","P9","paquete de nueve"
uom_type_923,"uom","PA","paquete"
uom_type_924,"uom","PAL","pascal"
uom_type_925,"uom","PB","par de pulgadas"
uom_type_926,"uom","PD","almohadilla"
uom_type_927,"uom","PE","equivalente en libras"
uom_type_928,"uom","PF","palet (ascensor)"
uom_type_929,"uom","PG","plato"
uom_type_930,"uom","PGL","galón de prueba"
uom_type_931,"uom","Pi","tono"
uom_type_932,"uom","PK","paquete"
uom_type_933,"uom","PL","cubo"
uom_type_934,"uom","PM","porcentaje de libra"
uom_type_935,"uom","PN","libra neta"
uom_type_936,"uom","PO","libra por pulgada de longitud"
uom_type_937,"uom","PQ","página por pulgada"
uom_type_938,"uom","PR","par"
uom_type_939,"uom","PD","fuerza de libra por pulgada cuadrada"
uom_type_940,"uom","PT","pinta"
uom_type_941,"uom","PTD","pinta seca"
uom_type_942,"uom","PTI","pinta (Reino Unido)"
uom_type_943,"uom","PTL","pinta liquida (US)"
uom_type_944,"uom","PU","bandeja / paquete de bandeja"
uom_type_945,"uom","PV","media pinta (US)"
uom_type_946,"uom","PW","libra por pulgada de ancho"
uom_type_947,"uom","PY","Peck Dry (US)"
uom_type_948,"uom","PZ","Peck Dry (Reino Unido)"
uom_type_949,"uom","Q3","comida"
uom_type_950,"uom","QA","página – facsímil"
uom_type_951,"uom","QAN","cuarto (de un año)"
uom_type_952,"uom","QB","página – copia impresa"
uom_type_953,"uom","QD","cuarto de docena"
uom_type_954,"uom","QH","un cuarto de hora"
uom_type_955,"uom","QK","cuarto de kilogramo"
uom_type_956,"uom","QR","mano de papel"
uom_type_957,"uom","QT","cuarto de galón (US)"
uom_type_958,"uom","QTD","cuarto seco (EE. UU.)"
uom_type_959,"uom","QTI","cuarto de galón (Reino Unido)"
uom_type_960,"uom","QTL","cuarto líquido (US)"
uom_type_961,"uom","QTR","cuarto (UK)"
uom_type_962,"uom","R1","pica"
uom_type_963,"uom","R4","caloría"
uom_type_964,"uom","R9","mil metros cúbicos"
uom_type_965,"uom","RA","estante"
uom_type_966,"uom","RD","barra"
uom_type_967,"uom","RG","anillo"
uom_type_968,"uom","RH","hora de funcionamiento o de funcionamiento"
uom_type_969,"uom","RK","medida métrica rollo"
uom_type_970,"uom","RL","carrete"
uom_type_971,"uom","RM","resma"
uom_type_972,"uom","RN","medida métrica de resma"
uom_type_973,"uom","RO","rodar"
uom_type_974,"uom","RP","libra por resma"
uom_type_975,"uom","RPM","revoluciones por minuto"
uom_type_976,"uom","RPS","revoluciones por segundo"
uom_type_977,"uom","RS","Reiniciar"
uom_type_978,"uom","RT","ingreso tonelada milla"
uom_type_979,"uom","RU","correr"
uom_type_980,"uom","S3","pie cuadrado por segundo"
uom_type_981,"uom","S4","metro cuadrado por segundo"
uom_type_982,"uom","S5","sesenta cuartos de pulgada"
uom_type_983,"uom","S6","sesión"
uom_type_984,"uom","S7","unidad de almacenamiento"
uom_type_985,"uom","S8","unidad de publicidad estándar"
uom_type_986,"uom","SA","saco"
uom_type_987,"uom","SAN","medio año (6 meses)"
uom_type_988,"uom","OCS","Puntuación"
uom_type_989,"uom","SCR","escrúpulo"
uom_type_990,"uom","SD","libra solida"
uom_type_991,"uom","SE","sección"
uom_type_992,"uom","SEC","segundo"
uom_type_993,"uom","SET","conjunto"
uom_type_994,"uom","SG","segmento"
uom_type_995,"uom","SHT","tonelada de envío"
uom_type_996,"uom","SIE","siemens"
uom_type_997,"uom","SK","camión cisterna dividido"
uom_type_998,"uom","SL","hoja de deslizamiento"
uom_type_999,"uom","SMI","milla (milla estatutaria)"
uom_type_1000,"uom","SN","varilla cuadrada"
uom_type_1001,"uom","SO","carrete"
uom_type_1002,"uom","SP","paquete de estante"
uom_type_1003,"uom","SQ","cuadrado"
uom_type_1004,"uom","SR","tira"
uom_type_1005,"uom","SS","hoja métrica medida"
uom_type_1006,"uom","SST","corto estándar (7200 partidos)"
uom_type_1007,"uom","ST","hoja"
uom_type_1008,"uom","ITS","piedra (Reino Unido)"
uom_type_1009,"uom","STN","tonelada (US) o tonelada corta (UK / US)"
uom_type_1010,"uom","SV","patinar"
uom_type_1011,"uom","SO","madeja"
uom_type_1012,"uom","SX","envío"
uom_type_1013,"uom","T0","Línea de telecomunicaciones en servicio."
uom_type_1014,"uom","T1","mil libras brutas"
uom_type_1015,"uom","T3","mil piezas"
uom_type_1016,"uom","T4","bolsa de mil"
uom_type_1017,"uom","T5","caja de mil"
uom_type_1018,"uom","T6","mil galones (US)"
uom_type_1019,"uom","T7","mil impresiones"
uom_type_1020,"uom","T8","mil pulgadas lineales"
uom_type_1021,"uom","TA","décimo pie cúbico"
uom_type_1022,"uom","TAH","Kiloampere hora (mil amperios hora)"
uom_type_1023,"uom","TC","camion"
uom_type_1024,"uom","TD","termia"
uom_type_1025,"uom","TE","totalizador"
uom_type_1026,"uom","TF","diez metros cuadrados"
uom_type_1027,"uom","TI","mil pulgadas cuadradas"
uom_type_1028,"uom","TJ","mil centímetros cuadrados"
uom_type_1029,"uom","TK","tanque, rectangular"
uom_type_1030,"uom","TL","mil pies (lineales)"
uom_type_1031,"uom","TN","estaño"
uom_type_1032,"uom","TNE","tonelada (tonelada métrica)"
uom_type_1033,"uom","TP","paquete de diez"
uom_type_1034,"uom","TPR","diez pares"
uom_type_1035,"uom","TQ","mil pies"
uom_type_1036,"uom","TQD","mil metros cúbicos por día"
uom_type_1037,"uom","TR","diez pies cuadrados"
uom_type_1038,"uom","TRL","trillón (EUR)"
uom_type_1039,"uom","TS","mil pies cuadrados"
uom_type_1040,"uom","TSD","tonelada de sustancia 90% seca"
uom_type_1041,"uom","TSH","tonelada de vapor por hora"
uom_type_1042,"uom","TT","mil metros lineales"
uom_type_1043,"uom","TU","tubo"
uom_type_1044,"uom","TV","mil kilogramos"
uom_type_1045,"uom","TW","mil hojas"
uom_type_1046,"uom","TY","tanque, cilíndrico"
uom_type_1047,"uom","U1","tratamiento"
uom_type_1048,"uom","U2","tableta"
uom_type_1049,"uom","UA","torr"
uom_type_1050,"uom","UB","Línea de telecomunicaciones en servicio promedio."
uom_type_1051,"uom","UC","puerto de telecomunicaciones"
uom_type_1052,"uom","UD","décimo minuto"
uom_type_1053,"uom","UE","décima hora"
uom_type_1054,"uom","UF","uso por línea de telecomunicación promedio"
uom_type_1055,"uom","UH","diez mil yardas"
uom_type_1056,"uom","UM","millones de unidades"
uom_type_1057,"uom","VA","voltio amperio por kilogramo"
uom_type_1058,"uom","VI","frasco"
uom_type_1059,"uom","VLT","voltio"
uom_type_1060,"uom","VQ","abultar"
uom_type_1061,"uom","VS","visitar"
uom_type_1062,"uom","W2","kilo mojado"
uom_type_1063,"uom","W4","dos semanas"
uom_type_1064,"uom","WA","vatio por kilogramo"
uom_type_1065,"uom","WB","libra mojada"
uom_type_1066,"uom","WCD","cable"
uom_type_1067,"uom","WE","tonelada mojada"
uom_type_1068,"uom","WEB","weber"
uom_type_1069,"uom","WEE","semana"
uom_type_1070,"uom","WG","galon de vino"
uom_type_1071,"uom","WH","rueda"
uom_type_1072,"uom","WHR","vatios hora"
uom_type_1073,"uom","WI","peso por pulgada cuadrada"
uom_type_1074,"uom","WM","mes de trabajo"
uom_type_1075,"uom","WR","envolver"
uom_type_1076,"uom","WSD","estándar"
uom_type_1077,"uom","WTT","vatio"
uom_type_1078,"uom","WW","mililitro de agua"
uom_type_1079,"uom","X1","cadena"
uom_type_1080,"uom","YDK","yarda cuadrada"
uom_type_1081,"uom","YDQ","Yarda cúbica"
uom_type_1082,"uom","YL","cien yardas lineales"
uom_type_1083,"uom","YRD","yarda"
uom_type_1084,"uom","YT","diez yardas"
uom_type_1085,"uom","Z1","van de elevación"
uom_type_1086,"uom","Z2","pecho"
uom_type_1087,"uom","Z3","barril"
uom_type_1088,"uom","Z4","pipa"
uom_type_1089,"uom","Z5","arrastrar"
uom_type_1090,"uom","Z6","punto de conferencia"
uom_type_1091,"uom","Z8","línea de noticias de ágata"
uom_type_1092,"uom","ZP","página"
uom_type_1093,"uom","ZZ","mutuamente definido"
lang_type_0,"lang","aa","Afar"
lang_type_1,"lang","ab","Abkhazian"
lang_type_2,"lang","ae","Avestan"
lang_type_3,"lang","af","Afrikaans"
lang_type_4,"lang","ak","Akan"
lang_type_5,"lang","am","Amharic"
lang_type_6,"lang","an","Aragonese"
lang_type_7,"lang","ar","Arabic"
lang_type_8,"lang","as","Assamese"
lang_type_9,"lang","av","Avaric"
lang_type_10,"lang","ay","Aymara"
lang_type_11,"lang","az","Azerbaijani"
lang_type_12,"lang","ba","Bashkir"
lang_type_13,"lang","be","Belarusian"
lang_type_14,"lang","bg","Bulgarian"
lang_type_15,"lang","bh","Bihari languages"
lang_type_16,"lang","bi","Bislama"
lang_type_17,"lang","bm","Bambara"
lang_type_18,"lang","bn","Bengali"
lang_type_19,"lang","bo","Tibetan"
lang_type_20,"lang","br","Breton"
lang_type_21,"lang","bs","Bosnian"
lang_type_22,"lang","ca","Catalan; Valencian"
lang_type_23,"lang","ce","Chechen"
lang_type_24,"lang","ch","Chamorro"
lang_type_25,"lang","co","Corsican"
lang_type_26,"lang","cr","Cree"
lang_type_27,"lang","cs","Czech"
lang_type_28,"lang","cu","Church Slavic; Old Slavonic; Church Slavonic; Old Bulgarian; Old Church Slavonic"
lang_type_29,"lang","cv","Chuvash"
lang_type_30,"lang","cy","Welsh"
lang_type_31,"lang","da","Danish"
lang_type_32,"lang","de","German"
lang_type_33,"lang","dv","Divehi; Dhivehi; Maldivian"
lang_type_34,"lang","dz","Dzongkha"
lang_type_35,"lang","ee","Ewe"
lang_type_36,"lang","el","Greek; Modern (1453-)"
lang_type_37,"lang","en","English"
lang_type_38,"lang","eo","Esperanto"
lang_type_39,"lang","es","Spanish; Castilian"
lang_type_40,"lang","et","Estonian"
lang_type_41,"lang","eu","Basque"
lang_type_42,"lang","fa","Persian"
lang_type_43,"lang","ff","Fulah"
lang_type_44,"lang","fi","Finnish"
lang_type_45,"lang","fj","Fijian"
lang_type_46,"lang","fo","Faroese"
lang_type_47,"lang","fr","French"
lang_type_48,"lang","fy","Western Frisian"
lang_type_49,"lang","ga","Irish"
lang_type_50,"lang","gd","Gaelic; Scottish Gaelic"
lang_type_51,"lang","gl","Galician"
lang_type_52,"lang","gn","Guarani"
lang_type_53,"lang","gu","Gujarati"
lang_type_54,"lang","gv","Manx"
lang_type_55,"lang","ha","Hausa"
lang_type_56,"lang","he","Hebrew"
lang_type_57,"lang","hi","Hindi"
lang_type_58,"lang","ho","Hiri Motu"
lang_type_59,"lang","hr","Croatian"
lang_type_60,"lang","ht","Haitian; Haitian Creole"
lang_type_61,"lang","hu","Hungarian"
lang_type_62,"lang","hy","Armenian"
lang_type_63,"lang","hz","Herero"
lang_type_64,"lang","ia","Interlingua (International Auxiliary Language Association)"
lang_type_65,"lang","id","Indonesian"
lang_type_66,"lang","ie","Interlingue; Occidental"
lang_type_67,"lang","ig","Igbo"
lang_type_68,"lang","ii","Sichuan Yi; Nuosu"
lang_type_69,"lang","ik","Inupiaq"
lang_type_70,"lang","io","Ido"
lang_type_71,"lang","is","Icelandic"
lang_type_72,"lang","it","Italian"
lang_type_73,"lang","iu","Inuktiut"
lang_type_74,"lang","ja","Japanese"
lang_type_75,"lang","jv","Javanese"
lang_type_76,"lang","ka","Georgian"
lang_type_77,"lang","kg","Kongo"
lang_type_78,"lang","ki","Kikuyu; Gikuyu"
lang_type_79,"lang","kj","Kuanyama; Kwanyama"
lang_type_80,"lang","kk","Kazakh"
lang_type_81,"lang","kl","Kalaallisut; Greenlandic"
lang_type_82,"lang","km","Central Khmer"
lang_type_83,"lang","kn","Kannada"
lang_type_84,"lang","ko","Korean"
lang_type_85,"lang","kr","Kanuri"
lang_type_86,"lang","ks","Kashmiri"
lang_type_87,"lang","ku","Kurdish"
lang_type_88,"lang","kv","Komi"
lang_type_89,"lang","kw","Cornish"
lang_type_90,"lang","ky","Kirghiz; Kyrgyz"
lang_type_91,"lang","la","Latin"
lang_type_92,"lang","lb","Luxembourgish; Letzeburgesch"
lang_type_93,"lang","lg","Ganda"
lang_type_94,"lang","li","Limburgan; Limburger; Limburgish"
lang_type_95,"lang","ln","Lingala"
lang_type_96,"lang","lo","Lao"
lang_type_97,"lang","lt","Lithuanian"
lang_type_98,"lang","lu","Luba-Katanga"
lang_type_99,"lang","lv","Latvian"
lang_type_100,"lang","mg","Malagasy"
lang_type_101,"lang","mh","Marshallese"
lang_type_102,"lang","mi","Maori"
lang_type_103,"lang","mk","Macedonian"
lang_type_104,"lang","ml","Malayalam"
lang_type_105,"lang","mn","Mongolian"
lang_type_106,"lang","mo","Moldavian; Moldovan"
lang_type_107,"lang","mr","Marathi"
lang_type_108,"lang","ms","Malay"
lang_type_109,"lang","mt","Maltese"
lang_type_110,"lang","my","Burmese"
lang_type_111,"lang","na","Nauru"
lang_type_112,"lang","nb","Bokmal Norwegian; Norwegian Bokmal"
lang_type_113,"lang","nd","Ndebele; North; North Ndebele"
lang_type_114,"lang","ne","Nepali"
lang_type_115,"lang","ng","Ndonga"
lang_type_116,"lang","nl","Dutch; Flemish"
lang_type_117,"lang","nn",""Norwegian Nynorsk; Nynorsk, Norwegian""
lang_type_118,"lang","no","Norwegian"
lang_type_119,"lang","nr","Ndebele; South; South Ndebele"
lang_type_120,"lang","nv","Navajo; Navaho"
lang_type_121,"lang","ny","Chichewa; Chewa; Nyanja"
lang_type_122,"lang","oc","Occitan (post 1500)"
lang_type_123,"lang","oj","Ojibwa"
lang_type_124,"lang","om","Oromo"
lang_type_125,"lang","or","Oriya"
lang_type_126,"lang","os","Ossetian; Ossetic"
lang_type_127,"lang","pa","Panjabi; Punjabi"
lang_type_128,"lang","pi","Pali"
lang_type_129,"lang","pl","Polish"
lang_type_130,"lang","ps","Pushto; Pashto"
lang_type_131,"lang","pt","Portuguese"
lang_type_132,"lang","qu","Quechua"
lang_type_133,"lang","rm","Romansh"
lang_type_134,"lang","rn","Rundi"
lang_type_135,"lang","ro","Romanian"
lang_type_136,"lang","ru","Russian"
lang_type_137,"lang","rw","Kinyarwanda"
lang_type_138,"lang","sa","Sanskrit"
lang_type_139,"lang","sc","Sardinian"
lang_type_140,"lang","sd","Sindhi"
lang_type_141,"lang","se","Northern Sami"
lang_type_142,"lang","sg","Sango"
lang_type_143,"lang","si","Sinhala; Sinhalese"
lang_type_144,"lang","sk","Slovak"
lang_type_145,"lang","sl","Slovenian"
lang_type_146,"lang","sm","Samoan"
lang_type_147,"lang","sn","Shona"
lang_type_148,"lang","so","Somali"
lang_type_149,"lang","sq","Albanian"
lang_type_150,"lang","sr","Serbian"
lang_type_151,"lang","ss","Swati"
lang_type_152,"lang","st",""Sotho, Southern""
lang_type_153,"lang","su","Sundanese"
lang_type_154,"lang","sv","Swedish"
lang_type_155,"lang","sw","Swahili"
lang_type_156,"lang","ta","Tamil"
lang_type_157,"lang","te","Telugu"
lang_type_158,"lang","tg","Tajik"
lang_type_159,"lang","th","Thai"
lang_type_160,"lang","ti","Tigrinya"
lang_type_161,"lang","tk","Turkmen"
lang_type_162,"lang","tl","Tagalog"
lang_type_163,"lang","tn","Tswana"
lang_type_164,"lang","to","Tonga (Tonga Islands)"
lang_type_165,"lang","tr","Turkish"
lang_type_166,"lang","ts","Tsonga"
lang_type_167,"lang","tt","Tatar"
lang_type_168,"lang","tw","Twi"
lang_type_169,"lang","ty","Tahitian"
lang_type_170,"lang","ug","Uighur; Uyghur"
lang_type_171,"lang","uk","Ukrainian"
lang_type_172,"lang","ur","Urdu"
lang_type_173,"lang","uz","Uzbek"
lang_type_174,"lang","ve","Venda"
lang_type_175,"lang","vi","Vietnamese"
lang_type_176,"lang","vo","Volapük"
lang_type_177,"lang","wa","Walloon"
lang_type_178,"lang","wo","Wolof"
lang_type_179,"lang","xh","Xhosa"
lang_type_180,"lang","yi","Yiddish"
lang_type_181,"lang","yo","Yoruba"
lang_type_182,"lang","za","Zhuang; Chuang"
lang_type_183,"lang","zh","Chinese"
lang_type_184,"lang","zu","Zulu"
fiscal_position_type_0,"fiscalposition","48","Responsable Impuesto sobre las Ventas - IVA"
fiscal_position_type_1,"fiscalposition","49","No Responsable de Impuesto sobre las Ventas - IVA"
credit_note_type_0,"creditnote","1","Devolución de parte de los bienes; no aceptación de partes del servicio"
credit_note_type_1,"creditnote","2","Anulación de factura electrónica
credit_note_type_2,"creditnote","3","Rebaja total aplicada"
credit_note_type_3,"creditnote","4","Descuento total aplicado"
credit_note_type_4,"creditnote","5","Rescisión: nulidad por falta de requisitos"
credit_note_type_5,"creditnote","6","Otros"
debit_note_type_0,"debitnote","1","Intereses"
debit_note_type_1,"debitnote","2","Gastos por cobrar"
debit_note_type_2,"debitnote","3","Cambio de valor"
debit_note_type_3,"debitnote","4","Otro"

