"id","code","name","industry_id:id"
ciiu_code_0,"0510","EXTRACCIÓN DE HULLA (CARBÓN DE PIEDRA)","base.res_partner_industry_B"
ciiu_code_1,"0520","EXTRACCIÓN DE CARBÓN LIGNITO","base.res_partner_industry_B"
ciiu_code_2,"0610","EXTRACCIÓN DE PETRÓLEO CRUDO","base.res_partner_industry_B"
ciiu_code_3,"0620","EXTRACCIÓN DE GAS NATURAL","base.res_partner_industry_B"
ciiu_code_4,"0710","EXTRACCIÓN DE MINERALES DE HIERRO","base.res_partner_industry_B"
ciiu_code_5,"0721","EXTRACCIÓN DE MINERALES DE URANIO Y DE TORIO","base.res_partner_industry_B"
ciiu_code_6,"0722","EXTRACCIÓN DE ORO Y OTROS METALES PRECIOSOS","base.res_partner_industry_B"
ciiu_code_7,"0811","EXTRACCIÓN DE PIEDRA, ARENA, ARCILLAS COMUNES, YESO Y ANHIDRITA","base.res_partner_industry_B"
ciiu_code_8,"0812","EXTRACCIÓN DE ARCILLAS DE USO INDUSTRIAL, CALIZA, CAOLÍN Y BENTONITAS","base.res_partner_industry_B"
ciiu_code_9,"0820","EXTRACCIÓN DE ESMERALDAS, PIEDRAS PRECIOSAS Y SEMIPRECIOSAS","base.res_partner_industry_B"
ciiu_code_10,"0891","EXTRACCIÓN DE MINERALES PARA LA FABRICACIÓN DE ABONOS Y PRODUCTOS QUÍMICOS","base.res_partner_industry_B"
ciiu_code_11,"0892","EXTRACCIÓN DE HALITA (SAL)","base.res_partner_industry_B"
ciiu_code_12,"0899","EXTRACCIÓN DE OTROS MINERALES NO METÁLICOS N.C.P.","base.res_partner_industry_B"
ciiu_code_13,"0910","Activ DE APOYO PARA LA EXTRACCIÓN DE PETRÓLEO Y DE GAS NATURAL","base.res_partner_industry_B"
ciiu_code_14,"0990","Activ DE APOYO PARA OTRAS Activ DE EXPLOTACIÓN DE MINAS Y CANTERAS","base.res_partner_industry_B"
ciiu_code_15,"1610","ASERRADO, ACEPILLADO E IMPREGNACIÓN DE LA MADERA","base.res_partner_industry_C"
ciiu_code_16,"1620","FABRICACIÓN DE HOJAS DE MADERA PARA ENCHAPADO; FABRICACIÓN DE TABLEROS CONTRACHAPADOS, TABLEROS LAMINADOS, TABLEROS DE PARTÍCULAS Y OTROS TABLEROS Y PANELES","base.res_partner_industry_C"
ciiu_code_17,"1630","FABRICACIÓN DE PARTES Y PIEZAS DE MADERA, DE CARPINTERÍA Y EBANISTERÍA PARA LA CONSTRUCCIÓN","base.res_partner_industry_C"
ciiu_code_18,"1640","FABRICACIÓN DE RECIPIENTES DE MADERA","base.res_partner_industry_C"
ciiu_code_19,"1690","FABRICACIÓN DE OTROS PRODUCTOS DE MADERA; FABRICACIÓN DE ARTÍCULOS DE CORCHO, CESTERÍA Y ESPARTERÍA","base.res_partner_industry_C"
ciiu_code_20,"1701","FABRICACIÓN DE PULPAS (PASTAS) CELULÓSICAS; PAPEL Y CARTÓN","base.res_partner_industry_C"
ciiu_code_21,"1702","FABRICACIÓN DE PAPEL Y CARTÓN ONDULADO (CORRUGADO); FABRICACIÓN DE ENVASES, EMPAQUES Y DE EMBALAJES DE PAPEL Y CARTÓN.","base.res_partner_industry_C"
ciiu_code_22,"1709","FABRICACIÓN DE OTROS ARTÍCULOS DE PAPEL Y CARTÓN","base.res_partner_industry_C"
ciiu_code_23,"1811","Activ DE IMPRESIÓN","base.res_partner_industry_C"
ciiu_code_24,"1812","Activ DE SERVICIOS RELACIONADOS CON LA IMPRESIÓN","base.res_partner_industry_C"
ciiu_code_25,"1820","PRODUCCIÓN DE COPIAS A PARTIR DE GRABACIONES ORIGINALES ","base.res_partner_industry_C"
ciiu_code_26,"1910","FABRICACIÓN DE PRODUCTOS DE HORNOS DE COQUE","base.res_partner_industry_C"
ciiu_code_27,"1921","FABRICACIÓN DE PRODUCTOS DE LA REFINACIÓN DEL PETRÓLEO","base.res_partner_industry_C"
ciiu_code_28,"1922","ACTIVIDAD DE MEZCLA DE COMBUSTIBLES","base.res_partner_industry_C"
ciiu_code_29,"2011","FABRICACIÓN DE SUSTANCIAS Y PRODUCTOS QUÍMICOS BÁSICOS","base.res_partner_industry_C"
ciiu_code_30,"2012","FABRICACIÓN DE ABONOS Y COMPUESTOS INORGÁNICOS NITROGENADOS","base.res_partner_industry_C"
ciiu_code_31,"2013","FABRICACIÓN DE PLÁSTICOS EN FORMAS PRIMARIAS","base.res_partner_industry_C"
ciiu_code_32,"2014","FABRICACIÓN DE CAUCHO SINTÉTICO EN FORMAS PRIMARIAS","base.res_partner_industry_C"
ciiu_code_33,"2021","FABRICACIÓN DE PLAGUICIDAS Y OTROS PRODUCTOS QUÍMICOS DE USO AGROPECUARIO","base.res_partner_industry_C"
ciiu_code_34,"2022","FABRICACIÓN DE PINTURAS, BARNICES Y REVESTIMIENTOS SIMILARES, TINTAS PARA IMPRESIÓN Y MASILLAS","base.res_partner_industry_C"
ciiu_code_35,"2023","FABRICACIÓN DE JABONES Y DETERGENTES, PREPARADOS PARA LIMPIAR Y PULIR; PERFUMES Y PREPARADOS DE TOCADOR","base.res_partner_industry_C"
ciiu_code_36,"2029","FABRICACIÓN DE OTROS PRODUCTOS QUÍMICOS N.C.P.","base.res_partner_industry_C"
ciiu_code_37,"2030","FABRICACIÓN DE FIBRAS SINTÉTICAS Y ARTIFICIALES","base.res_partner_industry_C"
ciiu_code_38,"2100","FABRICACIÓN DE PRODUCTOS FARMACÉUTICOS, SUSTANCIAS QUÍMICAS MEDICINALES Y PRODUCTOS BOTÁNICOS DE USO FARMACÉUTICO","base.res_partner_industry_C"
ciiu_code_39,"2211","FABRICACIÓN DE LLANTAS Y NEUMÁTICOS DE CAUCHO","base.res_partner_industry_C"
ciiu_code_40,"2212","REENCAUCHE DE LLANTAS USADAS","base.res_partner_industry_C"
ciiu_code_41,"2219","FABRICACIÓN DE FORMAS BÁSICAS DE CAUCHO Y OTROS PRODUCTOS DE CAUCHO N.C.P.","base.res_partner_industry_C"
ciiu_code_42,"2221","FABRICACIÓN DE FORMAS BÁSICAS DE PLÁSTICO","base.res_partner_industry_C"
ciiu_code_43,"2229","FABRICACIÓN DE ARTÍCULOS DE PLÁSTICO N.C.P.","base.res_partner_industry_C"
ciiu_code_44,"2310","FABRICACIÓN DE VIDRIO Y PRODUCTOS DE VIDRIO","base.res_partner_industry_C"
ciiu_code_45,"2391","FABRICACIÓN DE PRODUCTOS REFRACTARIOS","base.res_partner_industry_C"
ciiu_code_46,"2392","FABRICACIÓN DE MATERIALES DE ARCILLA PARA LA CONSTRUCCIÓN","base.res_partner_industry_C"
ciiu_code_47,"2393","FABRICACIÓN DE OTROS PRODUCTOS DE CERÁMICA Y PORCELANA","base.res_partner_industry_C"
ciiu_code_48,"2394","FABRICACIÓN DE CEMENTO, CAL Y YESO","base.res_partner_industry_C"
ciiu_code_49,"2395","FABRICACIÓN DE ARTÍCULOS DE HORMIGÓN, CEMENTO Y YESO","base.res_partner_industry_C"
ciiu_code_50,"2396","CORTE, TALLADO Y ACABADO DE LA PIEDRA","base.res_partner_industry_C"
ciiu_code_51,"2399","FABRICACIÓN DE OTROS PRODUCTOS MINERALES NO METÁLICOS N.C.P.","base.res_partner_industry_C"
ciiu_code_52,"2410","INDUSTRIAS BÁSICAS DE HIERRO Y DE ACERO","base.res_partner_industry_C"
ciiu_code_53,"2421","INDUSTRIAS BÁSICAS DE METALES PRECIOSOS","base.res_partner_industry_C"
ciiu_code_54,"2429","INDUSTRIAS BÁSICAS DE OTROS METALES NO FERROSOS","base.res_partner_industry_C"
ciiu_code_55,"2431","FUNDICIÓN DE HIERRO Y DE ACERO","base.res_partner_industry_C"
ciiu_code_56,"2432","FUNDICIÓN DE METALES NO FERROSOS ","base.res_partner_industry_C"
ciiu_code_57,"2511","FABRICACIÓN DE PRODUCTOS METÁLICOS PARA USO ESTRUCTURAL","base.res_partner_industry_C"
ciiu_code_58,"2512","FABRICACIÓN DE TANQUES, DEPÓSITOS Y RECIPIENTES DE METAL, EXCEPTO LOS UTILIZADOS PARA EL ENVASE O TRANSPORTE DE MERCANCÍAS","base.res_partner_industry_C"
ciiu_code_59,"2513","FABRICACIÓN DE GENERADORES DE VAPOR, EXCEPTO CALDERAS DE AGUA CALIENTE PARA CALEFACCIÓN CENTRAL","base.res_partner_industry_C"
ciiu_code_60,"2591","FORJA, PRENSADO, ESTAMPADO Y LAMINADO DE METAL; PULVIMETALURGIA","base.res_partner_industry_C"
ciiu_code_61,"2592","TRATAMIENTO Y REVESTIMIENTO DE METALES; MECANIZADO","base.res_partner_industry_C"
ciiu_code_62,"2593","FABRICACIÓN DE ARTÍCULOS DE CUCHILLERÍA, HERRAMIENTAS DE MANO Y ARTÍCULOS DE FERRETERÍA","base.res_partner_industry_C"
ciiu_code_63,"2599","FABRICACIÓN DE OTROS PRODUCTOS ELABORADOS DE METAL N.C.P.","base.res_partner_industry_C"
ciiu_code_64,"2610","FABRICACIÓN DE COMPONENTES Y TABLEROS ELECTRÓNICOS","base.res_partner_industry_C"
ciiu_code_65,"2620","FABRICACIÓN DE COMPUTADORAS Y DE EQUIPO PERIFÉRICO","base.res_partner_industry_C"
ciiu_code_66,"2630","FABRICACIÓN DE EQUIPOS DE COMUNICACIÓN","base.res_partner_industry_C"
ciiu_code_67,"2640","FABRICACIÓN DE APARATOS ELECTRÓNICOS DE CONSUMO","base.res_partner_industry_C"
ciiu_code_68,"2651","FABRICACIÓN DE EQUIPO DE MEDICIÓN, PRUEBA, NAVEGACIÓN Y CONTROL","base.res_partner_industry_C"
ciiu_code_69,"2652","FABRICACIÓN DE RELOJES","base.res_partner_industry_C"
ciiu_code_70,"2660","FABRICACIÓN DE EQUIPO DE IRRADIACIÓN Y EQUIPO ELECTRÓNICO DE USO MÉDICO Y TERAPÉUTICO","base.res_partner_industry_C"
ciiu_code_71,"2670","FABRICACIÓN DE INSTRUMENTOS ÓPTICOS Y EQUIPO FOTOGRÁFICO","base.res_partner_industry_C"
ciiu_code_72,"2711","FABRICACIÓN DE MOTORES, GENERADORES Y TRANSFORMADORES ELÉCTRICOS","base.res_partner_industry_C"
ciiu_code_73,"2712","FABRICACIÓN DE APARATOS DE DISTRIBUCIÓN Y CONTROL DE LA ENERGÍA ELÉCTRICA","base.res_partner_industry_C"
ciiu_code_74,"2720","FABRICACIÓN DE PILAS, BATERÍAS Y ACUMULADORES ELÉCTRICOS","base.res_partner_industry_C"
ciiu_code_75,"2731","FABRICACIÓN DE HILOS Y CABLES ELÉCTRICOS Y DE FIBRA ÓPTICA","base.res_partner_industry_C"
ciiu_code_76,"2732","FABRICACIÓN DE DISPOSITIVOS DE CABLEADO","base.res_partner_industry_C"
ciiu_code_77,"2740","FABRICACIÓN DE EQUIPOS ELÉCTRICOS DE ILUMINACIÓN","base.res_partner_industry_C"
ciiu_code_78,"2750","FABRICACIÓN DE APARATOS DE USO DOMÉSTICO","base.res_partner_industry_C"
ciiu_code_79,"2790","FABRICACIÓN DE OTROS TIPOS DE EQUIPO ELÉCTRICO N.C.P.","base.res_partner_industry_C"
ciiu_code_80,"2811","FABRICACIÓN DE MOTORES, TURBINAS, Y PARTES PARA MOTORES DE COMBUSTIÓN INTERNA","base.res_partner_industry_C"
ciiu_code_81,"2812","FABRICACIÓN DE EQUIPOS DE POTENCIA HIDRÁULICA Y NEUMÁTICA","base.res_partner_industry_C"
ciiu_code_82,"2813","FABRICACIÓN DE OTRAS BOMBAS, COMPRESORES, GRIFOS Y VÁLVULAS","base.res_partner_industry_C"
ciiu_code_83,"2814","FABRICACIÓN DE COJINETES, ENGRANAJES, TRENES DE ENGRANAJES Y PIEZAS DE TRANSMISIÓN","base.res_partner_industry_C"
ciiu_code_84,"2815","FABRICACIÓN DE HORNOS, HOGARES Y QUEMADORES INDUSTRIALES","base.res_partner_industry_C"
ciiu_code_85,"2816","FABRICACIÓN DE EQUIPO DE ELEVACIÓN Y MANIPULACIÓN","base.res_partner_industry_C"
ciiu_code_86,"2817","FABRICACIÓN DE MAQUINARIA Y EQUIPO DE OFICINA (EXCEPTO COMPUTADORAS Y EQUIPO PERIFÉRICO)","base.res_partner_industry_C"
ciiu_code_87,"2818","FABRICACIÓN DE HERRAMIENTAS MANUALES CON MOTOR","base.res_partner_industry_C"
ciiu_code_88,"2819","FABRICACIÓN DE OTROS TIPOS DE MAQUINARIA Y EQUIPO DE USO GENERAL N.C.P.","base.res_partner_industry_C"
ciiu_code_89,"2821","FABRICACIÓN DE MAQUINARIA AGROPECUARIA Y FORESTAL","base.res_partner_industry_C"
ciiu_code_90,"2822","FABRICACIÓN DE MÁQUINAS FORMADORAS DE METAL Y DE MÁQUINAS HERRAMIENTA","base.res_partner_industry_C"
ciiu_code_91,"2823","FABRICACIÓN DE MAQUINARIA PARA LA METALURGIA","base.res_partner_industry_C"
ciiu_code_92,"2824","FABRICACIÓN DE MAQUINARIA PARA EXPLOTACIÓN DE MINAS Y CANTERAS Y PARA OBRAS DE CONSTRUCCIÓN","base.res_partner_industry_C"
ciiu_code_93,"2825","FABRICACIÓN DE MAQUINARIA PARA LA ELABORACIÓN DE ALIMENTOS, BEBIDAS Y TABACO","base.res_partner_industry_C"
ciiu_code_94,"2826","FABRICACIÓN DE MAQUINARIA PARA LA ELABORACIÓN DE PRODUCTOS TEXTILES, PRENDAS DE VESTIR Y CUEROS","base.res_partner_industry_C"
ciiu_code_95,"2829","FABRICACIÓN DE OTROS TIPOS DE MAQUINARIA Y EQUIPO DE USO ESPECIAL N.C.P.","base.res_partner_industry_C"
ciiu_code_96,"2910","FABRICACIÓN DE VEHÍCULOS AUTOMOTORES Y SUS MOTORES","base.res_partner_industry_C"
ciiu_code_97,"2920","FABRICACIÓN DE CARROCERÍAS PARA VEHÍCULOS AUTOMOTORES; FABRICACIÓN DE REMOLQUES Y SEMIRREMOLQUES","base.res_partner_industry_C"
ciiu_code_98,"2930","FABRICACIÓN DE PARTES, PIEZAS (AUTOPARTES) Y ACCESORIOS (LUJOS) PARA VEHÍCULOS AUTOMOTORES","base.res_partner_industry_C"
ciiu_code_99,"3011","CONSTRUCCIÓN DE BARCOS Y DE ESTRUCTURAS FLOTANTES","base.res_partner_industry_C"
ciiu_code_100,"3012","CONSTRUCCIÓN DE EMBARCACIONES DE RECREO Y DEPORTE","base.res_partner_industry_C"
ciiu_code_101,"3020","FABRICACIÓN DE LOCOMOTORAS Y DE MATERIAL RODANTE PARA FERROCARRILES","base.res_partner_industry_C"
ciiu_code_102,"3030","FABRICACIÓN DE AERONAVES, NAVES ESPACIALES Y DE MAQUINARIA CONEXA","base.res_partner_industry_C"
ciiu_code_103,"3091","FABRICACIÓN DE MOTOCICLETAS","base.res_partner_industry_C"
ciiu_code_104,"3092","FABRICACIÓN DE BICICLETAS Y DE SILLAS DE RUEDAS PARA PERSONAS CON DISCAPACIDAD","base.res_partner_industry_C"
ciiu_code_105,"3099","FABRICACIÓN DE OTROS TIPOS DE EQUIPO DE TRANSPORTE N.C.P.","base.res_partner_industry_C"
ciiu_code_106,"3110","FABRICACIÓN DE MUEBLES ","base.res_partner_industry_C"
ciiu_code_107,"3120","FABRICACIÓN DE COLCHONES Y SOMIERES","base.res_partner_industry_C"
ciiu_code_108,"3210","FABRICACIÓN DE JOYAS, BISUTERÍA Y ARTÍCULOS CONEXOS","base.res_partner_industry_C"
ciiu_code_109,"3220","FABRICACIÓN DE INSTRUMENTOS MUSICALES","base.res_partner_industry_C"
ciiu_code_110,"3230","FABRICACIÓN DE ARTÍCULOS Y EQUIPO PARA LA PRÁCTICA DEL DEPORTE","base.res_partner_industry_C"
ciiu_code_111,"3240","FABRICACIÓN DE JUEGOS, JUGUETES Y ROMPECABEZAS","base.res_partner_industry_C"
ciiu_code_112,"3250","FABRICACIÓN DE INSTRUMENTOS, APARATOS Y MATERIALES MÉDICOS Y ODONTOLÓGICOS (INCLUIDO MOBILIARIO)","base.res_partner_industry_C"
ciiu_code_113,"3290","OTRAS INDUSTRIAS MANUFACTURERAS N.C.P.","base.res_partner_industry_C"
ciiu_code_114,"3311","MANTENIMIENTO Y REPARACIÓN ESPECIALIZADO DE PRODUCTOS ELABORADOS EN METAL","base.res_partner_industry_C"
ciiu_code_115,"3312","MANTENIMIENTO Y REPARACIÓN ESPECIALIZADO DE MAQUINARIA Y EQUIPO","base.res_partner_industry_C"
ciiu_code_116,"3313","MANTENIMIENTO Y REPARACIÓN ESPECIALIZADO DE EQUIPO ELECTRÓNICO Y ÓPTICO","base.res_partner_industry_C"
ciiu_code_117,"3314","MANTENIMIENTO Y REPARACIÓN ESPECIALIZADO DE EQUIPO ELÉCTRICO","base.res_partner_industry_C"
ciiu_code_118,"3315","MANTENIMIENTO Y REPARACIÓN ESPECIALIZADO DE EQUIPO DE TRANSPORTE, EXCEPTO LOS VEHÍCULOS AUTOMOTORES, MOTOCICLETAS Y BICICLETAS","base.res_partner_industry_C"
ciiu_code_119,"3319","MANTENIMIENTO Y REPARACIÓN DE OTROS TIPOS DE EQUIPOS Y SUS COMPONENTES N.C.P.","base.res_partner_industry_C"
ciiu_code_120,"3320","INSTALACIÓN ESPECIALIZADA DE MAQUINARIA Y EQUIPO INDUSTRIAL ","base.res_partner_industry_C"
ciiu_code_121,"4511","Com DE VEHÍCULOS AUTOMOTORES NUEVOS","base.res_partner_industry_G"
ciiu_code_122,"4512","Com DE VEHÍCULOS AUTOMOTORES USADOS","base.res_partner_industry_G"
ciiu_code_123,"4520","MANTENIMIENTO Y REPARACIÓN DE VEHÍCULOS AUTOMOTORES","base.res_partner_industry_G"
ciiu_code_124,"4530","Com DE PARTES, PIEZAS (AUTOPARTES) Y ACCESORIOS (LUJOS) PARA VEHÍCULOS AUTOMOTORES","base.res_partner_industry_G"
ciiu_code_125,"4541","Com DE MOTOCICLETAS Y DE SUS PARTES, PIEZAS Y ACCESORIOS","base.res_partner_industry_G"
ciiu_code_126,"4542","MANTENIMIENTO Y REPARACIÓN DE MOTOCICLETAS Y DE SUS PARTES Y PIEZAS","base.res_partner_industry_G"
ciiu_code_127,"4651","Com AL POR MAYOR DE COMPUTADORES, EQUIPO PERIFÉRICO Y PROGRAMAS DE INFORMÁTICA","base.res_partner_industry_G"
ciiu_code_128,"4652","Com AL POR MAYOR DE EQUIPO, PARTES Y PIEZAS ELECTRÓNICOS Y DE TELECOMUNICACIONES","base.res_partner_industry_G"
ciiu_code_129,"4653","Com AL POR MAYOR DE MAQUINARIA Y EQUIPO AGROPECUARIOS","base.res_partner_industry_G"
ciiu_code_130,"4659","Com AL POR MAYOR DE OTROS TIPOS DE MAQUINARIA Y EQUIPO N.C.P.","base.res_partner_industry_G"
ciiu_code_131,"4731","Com AL POR MENOR DE COMBUSTIBLE PARA AUTOMOTORES","base.res_partner_industry_G"
ciiu_code_132,"4732","Com AL POR MENOR DE LUBRICANTES (ACEITES, GRASAS), ADITIVOS Y PRODUCTOS DE LIMPIEZA PARA VEHÍCULOS AUTOMOTORES","base.res_partner_industry_G"
ciiu_code_133,"4741","Com AL POR MENOR DE COMPUTADORES, EQUIPOS PERIFÉRICOS, PROGRAMAS DE INFORMÁTICA Y EQUIPOS DE TELECOMUNICACIONES EN ESTABLECIMIENTOS ESPECIALIZADOS","base.res_partner_industry_G"
ciiu_code_134,"4742","Com AL POR MENOR DE EQUIPOS Y APARATOS DE SONIDO Y DE VIDEO, EN ESTABLECIMIENTOS ESPECIALIZADOS","base.res_partner_industry_G"
ciiu_code_135,"4610","Com AL POR MAYOR A CAMBIO DE UNA RETRIBUCIÓN O POR CONTRATA","base.res_partner_industry_G"
ciiu_code_136,"4620","Com AL POR MAYOR DE MATERIAS PRIMAS AGROPECUARIAS; ANIMALES VIVOS","base.res_partner_industry_G"
ciiu_code_137,"4631","Com AL POR MAYOR DE PRODUCTOS ALIMENTICIOS","base.res_partner_industry_G"
ciiu_code_138,"4632","Com AL POR MAYOR DE BEBIDAS Y TABACO","base.res_partner_industry_G"
ciiu_code_139,"4661","Com AL POR MAYOR DE COMBUSTIBLES SÓLIDOS, LÍQUIDOS, GASEOSOS Y PRODUCTOS CONEXOS","base.res_partner_industry_G"
ciiu_code_140,"4662","Com AL POR MAYOR DE METALES Y PRODUCTOS METALÍFEROS","base.res_partner_industry_G"
ciiu_code_141,"4663","Com AL POR MAYOR DE MATERIALES DE CONSTRUCCIÓN, ARTÍCULOS DE FERRETERÍA, PINTURAS, PRODUCTOS DE VIDRIO, EQUIPO Y MATERIALES DE FONTANERÍA Y CALEFACCIÓN","base.res_partner_industry_G"
ciiu_code_142,"4664","Com AL POR MAYOR DE PRODUCTOS QUÍMICOS BÁSICOS, CAUCHOS Y PLÁSTICOS EN FORMAS PRIMARIAS Y PRODUCTOS QUÍMICOS DE USO AGROPECUARIO","base.res_partner_industry_G"
ciiu_code_143,"4665","Com AL POR MAYOR DE DESPERDICIOS, DESECHOS Y CHATARRA","base.res_partner_industry_G"
ciiu_code_144,"4669","Com AL POR MAYOR DE OTROS PRODUCTOS N.C.P.","base.res_partner_industry_G"
ciiu_code_145,"4690","Com AL POR MAYOR NO ESPECIALIZADO","base.res_partner_industry_G"
ciiu_code_146,"9411","Activ DE ASOCIACIONES EMPRESARIALES Y DE EMPLEADORES","base.res_partner_industry_S"
ciiu_code_147,"9412","Activ DE ASOCIACIONES PROFESIONALES","base.res_partner_industry_S"
ciiu_code_148,"9420","Activ DE SINDICATOS DE EMPLEADOS","base.res_partner_industry_S"
ciiu_code_149,"9491","Activ DE ASOCIACIONES RELIGIOSAS","base.res_partner_industry_S"
ciiu_code_150,"9492","Activ DE ASOCIACIONES POLÍTICAS","base.res_partner_industry_S"
ciiu_code_151,"9499","Activ DE OTRAS ASOCIACIONES N.C.P.","base.res_partner_industry_S"
ciiu_code_152,"9511","MANTENIMIENTO Y REPARACIÓN DE COMPUTADORES Y DE EQUIPO PERIFÉRICO","base.res_partner_industry_S"
ciiu_code_153,"9512","MANTENIMIENTO Y REPARACIÓN DE EQUIPOS DE COMUNICACIÓN","base.res_partner_industry_S"
ciiu_code_154,"9521","MANTENIMIENTO Y REPARACIÓN DE APARATOS ELECTRÓNICOS DE CONSUMO","base.res_partner_industry_S"
ciiu_code_155,"9522","MANTENIMIENTO Y REPARACIÓN DE APARATOS Y EQUIPOS DOMÉSTICOS Y DE JARDINERÍA ","base.res_partner_industry_S"
ciiu_code_156,"9523","REPARACIÓN DE CALZADO Y ARTÍCULOS DE CUERO","base.res_partner_industry_S"
ciiu_code_157,"9524","REPARACIÓN DE MUEBLES Y ACCESORIOS PARA EL HOGAR","base.res_partner_industry_S"
ciiu_code_158,"9529","MANTENIMIENTO Y REPARACIÓN DE OTROS EFECTOS PERSONALES Y ENSERES DOMÉSTICOS","base.res_partner_industry_S"
ciiu_code_159,"9601","LAVADO Y LIMPIEZA, INCLUSO LA LIMPIEZA EN SECO, DE PRODUCTOS TEXTILES Y DE PIEL","base.res_partner_industry_S"
ciiu_code_160,"9602","PELUQUERÍA Y OTROS TRATAMIENTOS DE BELLEZA","base.res_partner_industry_S"
ciiu_code_161,"9603","POMPAS FÚNEBRES Y Activ RELACIONADAS","base.res_partner_industry_S"
ciiu_code_162,"9609","OTRAS Activ DE SERVICIOS PERSONALES N.C.P.","base.res_partner_industry_S"
ciiu_code_163,"4641","Com AL POR MAYOR DE PRODUCTOS TEXTILES, PRODUCTOS CONFECCIONADOS PARA USO DOMÉSTICO","base.res_partner_industry_G"
ciiu_code_164,"4642","Com AL POR MAYOR DE PRENDAS DE VESTIR","base.res_partner_industry_G"
ciiu_code_165,"4643","Com AL POR MAYOR DE CALZADO","base.res_partner_industry_G"
ciiu_code_166,"4644","Com AL POR MAYOR DE APARATOS Y EQUIPO DE USO DOMÉSTICO","base.res_partner_industry_G"
ciiu_code_167,"4645","Com AL POR MAYOR DE PRODUCTOS FARMACÉUTICOS, MEDICINALES, COSMÉTICOS Y DE TOCADOR","base.res_partner_industry_G"
ciiu_code_168,"4649","Com AL POR MAYOR DE OTROS UTENSILIOS DOMÉSTICOS N.C.P.","base.res_partner_industry_G"
ciiu_code_169,"4751","Com AL POR MENOR DE PRODUCTOS TEXTILES EN ESTABLECIMIENTOS ESPECIALIZADOS","base.res_partner_industry_G"
ciiu_code_170,"4752","Com AL POR MENOR DE ARTÍCULOS DE FERRETERÍA, PINTURAS Y PRODUCTOS DE VIDRIO EN ESTABLECIMIENTOS ESPECIALIZADOS","base.res_partner_industry_G"
ciiu_code_171,"4753","Com AL POR MENOR DE TAPICES, ALFOMBRAS Y CUBRIMIENTOS PARA PAREDES Y PISOS EN ESTABLECIMIENTOS ESPECIALIZADOS","base.res_partner_industry_G"
ciiu_code_172,"4754","Com AL POR MENOR DE ELECTRODOMÉSTICOS Y GASODOMÉSTICOS DE USO DOMÉSTICO, MUEBLES Y EQUIPOS DE ILUMINACIÓN","base.res_partner_industry_G"
ciiu_code_173,"4755","Com AL POR MENOR DE ARTÍCULOS Y UTENSILIOS DE USO DOMÉSTICO","base.res_partner_industry_G"
ciiu_code_174,"4759","Com AL POR MENOR DE OTROS ARTÍCULOS DOMÉSTICOS EN ESTABLECIMIENTOS ESPECIALIZADOS","base.res_partner_industry_G"
ciiu_code_175,"4761","Com AL POR MENOR DE LIBROS, PERIÓDICOS, MATERIALES Y ARTÍCULOS DE PAPELERÍA Y ESCRITORIO, EN ESTABLECIMIENTOS ESPECIALIZADOS","base.res_partner_industry_G"
ciiu_code_176,"4762","Com AL POR MENOR DE ARTÍCULOS DEPORTIVOS, EN ESTABLECIMIENTOS ESPECIALIZADOS ","base.res_partner_industry_G"
ciiu_code_177,"4769","Com AL POR MENOR DE OTROS ARTÍCULOS CULTURALES Y DE ENTRETENIMIENTO N.C.P. EN ESTABLECIMIENTOS ESPECIALIZADOS","base.res_partner_industry_G"
ciiu_code_178,"4771","Com AL POR MENOR DE PRENDAS DE VESTIR Y SUS ACCESORIOS (INCLUYE ARTÍCULOS DE PIEL) EN ESTABLECIMIENTOS ESPECIALIZADOS","base.res_partner_industry_G"
ciiu_code_179,"4772","Com AL POR MENOR DE TODO TIPO DE CALZADO Y ARTÍCULOS DE CUERO Y SUCEDÁNEOS DEL CUERO EN ESTABLECIMIENTOS ESPECIALIZADOS.","base.res_partner_industry_G"
ciiu_code_180,"4773","Com AL POR MENOR DE PRODUCTOS FARMACÉUTICOS Y MEDICINALES, COSMÉTICOS Y ARTÍCULOS DE TOCADOR EN ESTABLECIMIENTOS ESPECIALIZADOS","base.res_partner_industry_G"
ciiu_code_181,"4774","Com AL POR MENOR DE OTROS PRODUCTOS NUEVOS EN ESTABLECIMIENTOS ESPECIALIZADOS","base.res_partner_industry_G"
ciiu_code_182,"4775","Com AL POR MENOR DE ARTÍCULOS DE SEGUNDA MANO","base.res_partner_industry_G"
ciiu_code_183,"4781","Com AL POR MENOR DE ALIMENTOS, BEBIDAS Y TABACO, EN PUESTOS DE VENTA MÓVILES","base.res_partner_industry_G"
ciiu_code_184,"4782","Com AL POR MENOR DE PRODUCTOS TEXTILES, PRENDAS DE VESTIR Y CALZADO, EN PUESTOS DE VENTA MÓVILES","base.res_partner_industry_G"
ciiu_code_185,"4789","Com AL POR MENOR DE OTROS PRODUCTOS EN PUESTOS DE VENTA MÓVILES","base.res_partner_industry_G"
ciiu_code_186,"4791","Com AL POR MENOR REALIZADO A TRAVÉS DE INTERNET","base.res_partner_industry_G"
ciiu_code_187,"4792","Com AL POR MENOR REALIZADO A TRAVÉS DE CASAS DE VENTA O POR CORREO","base.res_partner_industry_G"
ciiu_code_188,"4799","OTROS TIPOS DE Com AL POR MENOR NO REALIZADO EN ESTABLECIMIENTOS, PUESTOS DE VENTA O MERCADOS.","base.res_partner_industry_G"
ciiu_code_189,"5811","EDICIÓN DE LIBROS","base.res_partner_industry_J"
ciiu_code_190,"5812","EDICIÓN DE DIRECTORIOS Y LISTAS DE CORREO","base.res_partner_industry_J"
ciiu_code_191,"5813","EDICIÓN DE PERIÓDICOS, REVISTAS Y OTRAS PUBLICACIONES PERIÓDICAS","base.res_partner_industry_J"
ciiu_code_192,"5819","OTROS TRABAJOS DE EDICIÓN","base.res_partner_industry_J"
ciiu_code_193,"5820","EDICIÓN DE PROGRAMAS DE INFORMÁTICA (SOFTWARE)","base.res_partner_industry_J"
ciiu_code_194,"5911","Activ DE PRODUCCIÓN DE PELÍCULAS CINEMATOGRÁFICAS, VIDEOS, PROGRAMAS, ANUNCIOS Y COMERCIALES DE TELEVISIÓN","base.res_partner_industry_J"
ciiu_code_195,"5912","Activ DE POSPRODUCCIÓN DE PELÍCULAS CINEMATOGRÁFICAS, VIDEOS, PROGRAMAS, ANUNCIOS Y COMERCIALES DE TELEVISIÓN","base.res_partner_industry_J"
ciiu_code_196,"5913","Activ DE DISTRIBUCIÓN DE PELÍCULAS CINEMATOGRÁFICAS, VIDEOS, PROGRAMAS, ANUNCIOS Y COMERCIALES DE TELEVISIÓN","base.res_partner_industry_J"
ciiu_code_197,"5914","Activ DE EXHIBICIÓN DE PELÍCULAS CINEMATOGRÁFICAS Y VIDEOS","base.res_partner_industry_J"
ciiu_code_198,"5920","Activ DE GRABACIÓN DE SONIDO Y EDICIÓN DE MUSICA","base.res_partner_industry_J"
ciiu_code_199,"6010","Activ DE PROGRAMACIÓN Y TRANSMISIÓN EN EL SERVICIO DE RADIODIFUSIÓN SONORA","base.res_partner_industry_J"
ciiu_code_200,"6020","Activ DE PROGRAMACIÓN Y TRANSMISIÓN DE TELEVISIÓN","base.res_partner_industry_J"
ciiu_code_201,"6110","Activ DE TELECOMUNICACIONES ALÁMBRICAS","base.res_partner_industry_J"
ciiu_code_202,"6120","Activ DE TELECOMUNICACIONES INALÁMBRICAS","base.res_partner_industry_J"
ciiu_code_203,"6130","Activ DE TELECOMUNICACIÓN SATELITAL","base.res_partner_industry_J"
ciiu_code_204,"6190","OTRAS Activ DE TELECOMUNICACIONES","base.res_partner_industry_J"
ciiu_code_205,"6201","Activ DE DESARROLLO DE SISTEMAS INFORMÁTICOS (PLANIFICACIÓN, ANÁLISIS, DISEÑO, PROGRAMACIÓN, PRUEBAS)","base.res_partner_industry_J"
ciiu_code_206,"6202","Activ DE CONSULTORÍA INFORMÁTICA Y Activ DE ADMINISTRACIÓN DE INSTALACIONES INFORMÁTICAS","base.res_partner_industry_J"
ciiu_code_207,"6209","OTRAS Activ DE TECNOLOGÍAS DE INFORMACIÓN Y Activ DE SERVICIOS INFORMÁTICOS","base.res_partner_industry_J"
ciiu_code_208,"6311","PROCESAMIENTO DE DATOS, ALOJAMIENTO (HOSTING) Y Activ RELACIONADAS","base.res_partner_industry_J"
ciiu_code_209,"6312","PORTALES WEB","base.res_partner_industry_J"
ciiu_code_210,"6391","Activ DE AGENCIAS DE NOTICIAS","base.res_partner_industry_J"
ciiu_code_211,"6399","OTRAS Activ DE SERVICIO DE INFORMACIÓN N.C.P.","base.res_partner_industry_J"
ciiu_code_212,"9001","CREACIÓN LITERARIA","base.res_partner_industry_R"
ciiu_code_213,"9002","CREACIÓN MUSICAL","base.res_partner_industry_R"
ciiu_code_214,"9003","CREACIÓN TEATRAL","base.res_partner_industry_R"
ciiu_code_215,"9004","CREACIÓN AUDIOVISUAL","base.res_partner_industry_R"
ciiu_code_216,"9005","ARTES PLÁSTICAS Y VISUALES","base.res_partner_industry_R"
ciiu_code_217,"9006","Activ TEATRALES","base.res_partner_industry_R"
ciiu_code_218,"9007","Activ DE ESPECTÁCULOS MUSICALES EN VIVO","base.res_partner_industry_R"
ciiu_code_219,"9008","OTRAS Activ DE ESPECTÁCULOS EN VIVO","base.res_partner_industry_R"
ciiu_code_220,"9101","Activ DE BIBLIOTECAS Y ARCHIVOS","base.res_partner_industry_R"
ciiu_code_221,"9102","Activ Y FUNCIONAMIENTO DE MUSEOS, CONSERVACIÓN DE EDIFICIOS Y SITIOS HISTÓRICOS","base.res_partner_industry_R"
ciiu_code_222,"9103","Activ DE JARDINES BOTÁNICOS, ZOOLÓGICOS Y RESERVAS NATURALES","base.res_partner_industry_R"
ciiu_code_223,"9200","Activ DE JUEGOS DE AZAR Y APUESTAS","base.res_partner_industry_R"
ciiu_code_224,"9311","GESTIÓN DE INSTALACIONES DEPORTIVAS","base.res_partner_industry_R"
ciiu_code_225,"9312","Activ DE CLUBES DEPORTIVOS","base.res_partner_industry_R"
ciiu_code_226,"9319","OTRAS Activ DEPORTIVAS","base.res_partner_industry_R"
ciiu_code_227,"9321","Activ DE PARQUES DE ATRACCIONES Y PARQUES TEMÁTICOS","base.res_partner_industry_R"
ciiu_code_228,"9329","OTRAS Activ RECREATIVAS Y DE ESPARCIMIENTO N.C.P.","base.res_partner_industry_R"
ciiu_code_229,"4111","CONSTRUCCIÓN DE EDIFICIOS RESIDENCIALES","base.res_partner_industry_F"
ciiu_code_230,"4112","CONSTRUCCIÓN DE EDIFICIOS NO RESIDENCIALES","base.res_partner_industry_F"
ciiu_code_231,"4210","CONSTRUCCIÓN DE CARRETERAS Y VÍAS DE FERROCARRIL","base.res_partner_industry_F"
ciiu_code_232,"4220","CONSTRUCCIÓN DE PROYECTOS DE SERVICIO PÚBLICO","base.res_partner_industry_F"
ciiu_code_233,"4290","CONSTRUCCIÓN DE OTRAS OBRAS DE INGENIERÍA CIVIL","base.res_partner_industry_F"
ciiu_code_234,"4311","DEMOLICIÓN","base.res_partner_industry_F"
ciiu_code_235,"4312","PREPARACIÓN DEL TERRENO","base.res_partner_industry_F"
ciiu_code_236,"4321","INSTALACIONES ELÉCTRICAS","base.res_partner_industry_F"
ciiu_code_237,"4322","INSTALACIONES DE FONTANERÍA, CALEFACCIÓN Y AIRE ACONDICIONADO","base.res_partner_industry_F"
ciiu_code_238,"4329","OTRAS INSTALACIONES ESPECIALIZADAS","base.res_partner_industry_F"
ciiu_code_239,"4330","TERMINACIÓN Y ACABADO DE EDIFICIOS Y OBRAS DE INGENIERÍA CIVIL","base.res_partner_industry_F"
ciiu_code_240,"4390","OTRAS Activ ESPECIALIZADAS PARA LA CONSTRUCCIÓN DE EDIFICIOS Y OBRAS DE INGENIERÍA CIVIL","base.res_partner_industry_F"
ciiu_code_241,"1011","PROCESAMIENTO Y CONSERVACIÓN DE CARNE Y PRODUCTOS CÁRNICOS","base.res_partner_industry_C"
ciiu_code_242,"1012","PROCESAMIENTO Y CONSERVACIÓN DE PESCADOS, CRUSTÁCEOS Y MOLUSCOS","base.res_partner_industry_C"
ciiu_code_243,"1020","PROCESAMIENTO Y CONSERVACIÓN DE FRUTAS, LEGUMBRES, HORTALIZAS Y TUBÉRCULOS","base.res_partner_industry_C"
ciiu_code_244,"1030","ELABORACIÓN DE ACEITES Y GRASAS DE ORIGEN VEGETAL Y ANIMAL","base.res_partner_industry_C"
ciiu_code_245,"1040","ELABORACIÓN DE PRODUCTOS LÁCTEOS","base.res_partner_industry_C"
ciiu_code_246,"1051","ELABORACIÓN DE PRODUCTOS DE MOLINERÍA","base.res_partner_industry_C"
ciiu_code_247,"1052","ELABORACIÓN DE ALMIDONES Y PRODUCTOS DERIVADOS DEL ALMIDÓN","base.res_partner_industry_C"
ciiu_code_248,"1061","TRILLA DE CAFÉ","base.res_partner_industry_C"
ciiu_code_249,"1062","DESCAFEINADO, TOSTIÓN Y MOLIENDA DEL CAFÉ","base.res_partner_industry_C"
ciiu_code_250,"1063","OTROS DERIVADOS DEL CAFÉ","base.res_partner_industry_C"
ciiu_code_251,"1071","ELABORACIÓN Y REFINACIÓN DE AZÚCAR","base.res_partner_industry_C"
ciiu_code_252,"1072","ELABORACIÓN DE PANELA","base.res_partner_industry_C"
ciiu_code_253,"1081","ELABORACIÓN DE PRODUCTOS DE PANADERÍA","base.res_partner_industry_C"
ciiu_code_254,"1082","ELABORACIÓN DE CACAO, CHOCOLATE Y PRODUCTOS DE CONFITERÍA","base.res_partner_industry_C"
ciiu_code_255,"1083","ELABORACIÓN DE MACARRONES, FIDEOS, ALCUZCUZ Y PRODUCTOS FARINÁCEOS SIMILARES","base.res_partner_industry_C"
ciiu_code_256,"1084","ELABORACIÓN DE COMIDAS Y PLATOS PREPARADOS","base.res_partner_industry_C"
ciiu_code_257,"1089","ELABORACIÓN DE OTROS PRODUCTOS ALIMENTICIOS N.C.P.","base.res_partner_industry_C"
ciiu_code_258,"1090","ELABORACIÓN DE ALIMENTOS PREPARADOS PARA ANIMALES","base.res_partner_industry_C"
ciiu_code_259,"1101","DESTILACIÓN, RECTIFICACIÓN Y MEZCLA DE BEBIDAS ALCOHÓLICAS","base.res_partner_industry_C"
ciiu_code_260,"1102","ELABORACIÓN DE BEBIDAS FERMENTADAS NO DESTILADAS","base.res_partner_industry_C"
ciiu_code_261,"1103","PRODUCCIÓN DE MALTA, ELABORACIÓN DE CERVEZAS Y OTRAS BEBIDAS MALTEADAS","base.res_partner_industry_C"
ciiu_code_262,"1104","ELABORACIÓN DE BEBIDAS NO ALCOHÓLICAS, PRODUCCIÓN DE AGUAS MINERALES Y DE OTRAS AGUAS EMBOTELLADAS","base.res_partner_industry_C"
ciiu_code_263,"1200","ELABORACIÓN DE PRODUCTOS DE TABACO","base.res_partner_industry_C"
ciiu_code_264,"1311","PREPARACIÓN E HILATURA DE FIBRAS TEXTILES","base.res_partner_industry_C"
ciiu_code_265,"1312","TEJEDURÍA DE PRODUCTOS TEXTILES","base.res_partner_industry_C"
ciiu_code_266,"1313","ACABADO DE PRODUCTOS TEXTILES","base.res_partner_industry_C"
ciiu_code_267,"1391","FABRICACIÓN DE TEJIDOS DE PUNTO Y GANCHILLO","base.res_partner_industry_C"
ciiu_code_268,"1392","CONFECCIÓN DE ARTÍCULOS CON MATERIALES TEXTILES, EXCEPTO PRENDAS DE VESTIR","base.res_partner_industry_C"
ciiu_code_269,"1393","FABRICACIÓN DE TAPETES Y ALFOMBRAS PARA PISOS","base.res_partner_industry_C"
ciiu_code_270,"1394","FABRICACIÓN DE CUERDAS, CORDELES, CABLES, BRAMANTES Y REDES","base.res_partner_industry_C"
ciiu_code_271,"1399","FABRICACIÓN DE OTROS ARTÍCULOS TEXTILES N.C.P.","base.res_partner_industry_C"
ciiu_code_272,"1410","CONFECCIÓN DE PRENDAS DE VESTIR, EXCEPTO PRENDAS DE PIEL","base.res_partner_industry_C"
ciiu_code_273,"1420","FABRICACIÓN DE ARTÍCULOS DE PIEL","base.res_partner_industry_C"
ciiu_code_274,"1430","FABRICACIÓN DE ARTÍCULOS DE PUNTO Y GANCHILLO","base.res_partner_industry_C"
ciiu_code_275,"1511","CURTIDO Y RECURTIDO DE CUEROS; RECURTIDO Y TEÑIDO DE PIELES","base.res_partner_industry_C"
ciiu_code_276,"1512","FABRICACIÓN DE ARTÍCULOS DE VIAJE, BOLSOS DE MANO Y ARTÍCULOS SIMILARES ELABORADOS EN CUERO, Y FABRICACIÓN DE ARTÍCULOS DE TALABARTERÍA Y GUARNICIONERÍA","base.res_partner_industry_C"
ciiu_code_277,"1513","FABRICACIÓN DE ARTÍCULOS DE VIAJE, BOLSOS DE MANO Y ARTÍCULOS SIMILARES; ARTÍCULOS DE TALABARTERÍA Y GUARNICIONERÍA ELABORADOS EN OTROS MATERIALES","base.res_partner_industry_C"
ciiu_code_278,"1521","FABRICACIÓN DE CALZADO DE CUERO Y PIEL, CON CUALQUIER TIPO DE SUELA","base.res_partner_industry_C"
ciiu_code_279,"1522","FABRICACIÓN DE OTROS TIPOS DE CALZADO, EXCEPTO CALZADO DE CUERO Y PIEL","base.res_partner_industry_C"
ciiu_code_280,"1523","FABRICACIÓN DE PARTES DEL CALZADO","base.res_partner_industry_C"
ciiu_code_281,"7110","Activ DE ARQUITECTURA E INGENIERÍA Y OTRAS Activ CONEXAS DE CONSULTORÍA TÉCNICA","base.res_partner_industry_M"
ciiu_code_282,"7120","ENSAYOS Y ANÁLISIS TÉCNICOS","base.res_partner_industry_M"
ciiu_code_283,"7210","INVESTIGACIONES Y DESARROLLO EXPERIMENTAL EN EL CAMPO DE LAS CIENCIAS NATURALES Y LA INGENIERÍA ","base.res_partner_industry_M"
ciiu_code_284,"7220","INVESTIGACIONES Y DESARROLLO EXPERIMENTAL EN EL CAMPO DE LAS CIENCIAS SOCIALES Y LAS HUMANIDADES","base.res_partner_industry_M"
ciiu_code_285,"7310","PUBLICIDAD","base.res_partner_industry_M"
ciiu_code_286,"7320","ESTUDIOS DE MERCADO Y REALIZACIÓN DE ENCUESTAS DE OPINIÓN PÚBLICA","base.res_partner_industry_M"
ciiu_code_287,"7410","Activ ESPECIALIZADAS DE DISEÑO ","base.res_partner_industry_M"
ciiu_code_288,"7420","Activ DE FOTOGRAFÍA","base.res_partner_industry_M"
ciiu_code_289,"7490","OTRAS Activ PROFESIONALES, CIENTÍFICAS Y TÉCNICAS N.C.P.","base.res_partner_industry_M"
ciiu_code_290,"7500","Activ VETERINARIAS","base.res_partner_industry_M"
ciiu_code_291,"4911","TRANSPORTE FÉRREO DE PASAJEROS","base.res_partner_industry_H"
ciiu_code_292,"4912","TRANSPORTE FÉRREO DE CARGA","base.res_partner_industry_H"
ciiu_code_293,"4921","TRANSPORTE DE PASAJEROS","base.res_partner_industry_H"
ciiu_code_294,"4922","TRANSPORTE MIXTO","base.res_partner_industry_H"
ciiu_code_295,"4923","TRANSPORTE DE CARGA POR CARRETERA","base.res_partner_industry_H"
ciiu_code_296,"4930","TRANSPORTE POR TUBERÍAS","base.res_partner_industry_H"
ciiu_code_297,"5011","TRANSPORTE DE PASAJEROS MARÍTIMO Y DE CABOTAJE ","base.res_partner_industry_H"
ciiu_code_298,"5012","TRANSPORTE DE CARGA MARÍTIMO Y DE CABOTAJE ","base.res_partner_industry_H"
ciiu_code_299,"5021","TRANSPORTE FLUVIAL DE PASAJEROS","base.res_partner_industry_H"
ciiu_code_300,"5022","TRANSPORTE FLUVIAL DE CARGA","base.res_partner_industry_H"
ciiu_code_301,"5111","TRANSPORTE AÉREO NACIONAL DE PASAJEROS ","base.res_partner_industry_H"
ciiu_code_302,"5112","TRANSPORTE AÉREO INTERNACIONAL DE PASAJEROS ","base.res_partner_industry_H"
ciiu_code_303,"5121","TRANSPORTE AÉREO NACIONAL DE CARGA ","base.res_partner_industry_H"
ciiu_code_304,"5122","TRANSPORTE AÉREO INTERNACIONAL DE CARGA","base.res_partner_industry_H"
ciiu_code_305,"5210","ALMACENAMIENTO Y DEPÓSITO","base.res_partner_industry_H"
ciiu_code_306,"5221","Activ DE ESTACIONES, VÍAS Y SERVICIOS COMPLEMENTARIOS PARA EL TRANSPORTE TERRESTRE","base.res_partner_industry_H"
ciiu_code_307,"5222","Activ DE PUERTOS Y SERVICIOS COMPLEMENTARIOS PARA EL TRANSPORTE ACUÁTICO","base.res_partner_industry_H"
ciiu_code_308,"5223","Activ DE AEROPUERTOS, SERVICIOS DE NAVEGACIÓN AÉREA Y DEMÁS Activ CONEXAS AL TRANSPORTE AÉREO","base.res_partner_industry_H"
ciiu_code_309,"5224","MANIPULACIÓN DE CARGA","base.res_partner_industry_H"
ciiu_code_310,"5229","OTRAS Activ COMPLEMENTARIAS AL TRANSPORTE","base.res_partner_industry_H"
ciiu_code_311,"5310","Activ POSTALES NACIONALES","base.res_partner_industry_H"
ciiu_code_312,"5320","Activ DE MENSAJERÍA","base.res_partner_industry_H"
ciiu_code_313,"5511","ALOJAMIENTO EN HOTELES ","base.res_partner_industry_I"
ciiu_code_314,"5512","ALOJAMIENTO EN APARTAHOTELES","base.res_partner_industry_I"
ciiu_code_315,"5513","ALOJAMIENTO EN CENTROS VACACIONALES ","base.res_partner_industry_I"
ciiu_code_316,"5514","ALOJAMIENTO RURAL","base.res_partner_industry_I"
ciiu_code_317,"5519","OTROS TIPOS DE ALOJAMIENTOS PARA VISITANTES","base.res_partner_industry_I"
ciiu_code_318,"5520","Activ DE ZONAS DE CAMPING Y PARQUES PARA VEHÍCULOS RECREACIONALES","base.res_partner_industry_I"
ciiu_code_319,"5530","SERVICIO POR HORAS ","base.res_partner_industry_I"
ciiu_code_320,"5590","OTROS TIPOS DE ALOJAMIENTO N.C.P.","base.res_partner_industry_I"
ciiu_code_321,"5611","EXPENDIO A LA MESA DE COMIDAS PREPARADAS","base.res_partner_industry_I"
ciiu_code_322,"5612","EXPENDIO POR AUTOSERVICIO DE COMIDAS PREPARADAS","base.res_partner_industry_I"
ciiu_code_323,"5613","EXPENDIO DE COMIDAS PREPARADAS EN CAFETERÍAS","base.res_partner_industry_I"
ciiu_code_324,"5619","OTROS TIPOS DE EXPENDIO DE COMIDAS PREPARADAS N.C.P.","base.res_partner_industry_I"
ciiu_code_325,"5621","CATERING PARA EVENTOS","base.res_partner_industry_I"
ciiu_code_326,"5629","Activ DE OTROS SERVICIOS DE COMIDAS","base.res_partner_industry_I"
ciiu_code_327,"5630","EXPENDIO DE BEBIDAS ALCOHÓLICAS PARA EL CONSUMO DENTRO DEL ESTABLECIMIENTO","base.res_partner_industry_I"
ciiu_code_328,"8411","Activ LEGISLATIVAS DE LA ADMINISTRACIÓN PÚBLICA","base.res_partner_industry_O"
ciiu_code_329,"8412","Activ EJECUTIVAS DE LA ADMINISTRACIÓN PÚBLICA","base.res_partner_industry_O"
ciiu_code_330,"8413","REGULACIÓN DE LAS Activ DE ORGANISMOS QUE PRESTAN SERVICIOS DE SALUD, EDUCATIVOS, CULTURALES Y OTROS SERVICIOS SOCIALES, EXCEPTO SERVICIOS DE SEGURIDAD SOCIAL","base.res_partner_industry_O"
ciiu_code_331,"8414","Activ REGULADORAS Y FACILITADORAS DE LA ACTIVIDAD ECONÓMICA","base.res_partner_industry_O"
ciiu_code_332,"8415","Activ DE LOS OTROS ÓRGANOS DE CONTROL","base.res_partner_industry_O"
ciiu_code_333,"8421","RELACIONES EXTERIORES","base.res_partner_industry_O"
ciiu_code_334,"8422","Activ DE DEFENSA","base.res_partner_industry_O"
ciiu_code_335,"8423","ORDEN PÚBLICO Y Activ DE SEGURIDAD","base.res_partner_industry_O"
ciiu_code_336,"8424","ADMINISTRACIÓN DE JUSTICIA","base.res_partner_industry_O"
ciiu_code_337,"8430","Activ DE PLANES DE SEGURIDAD SOCIAL DE AFILIACIÓN OBLIGATORIA","base.res_partner_industry_O"
ciiu_code_338,"8610","Activ DE HOSPITALES Y CLÍNICAS, CON INTERNACIÓN","base.res_partner_industry_Q"
ciiu_code_339,"8621","Activ DE LA PRÁCTICA MÉDICA, SIN INTERNACIÓN","base.res_partner_industry_Q"
ciiu_code_340,"8622","Activ DE LA PRÁCTICA ODONTOLÓGICA","base.res_partner_industry_Q"
ciiu_code_341,"8691","Activ DE APOYO DIAGNÓSTICO","base.res_partner_industry_Q"
ciiu_code_342,"8692","Activ DE APOYO TERAPÉUTICO","base.res_partner_industry_Q"
ciiu_code_343,"8699","OTRAS Activ DE ATENCIÓN DE LA SALUD HUMANA","base.res_partner_industry_Q"
ciiu_code_344,"8710","Activ DE ATENCIÓN RESIDENCIAL MEDICALIZADA DE TIPO GENERAL","base.res_partner_industry_Q"
ciiu_code_345,"8720","Activ DE ATENCIÓN RESIDENCIAL, PARA EL CUIDADO DE PACIENTES CON RETARDO MENTAL, ENFERMEDAD MENTAL Y CONSUMO DE SUSTANCIAS PSICOACTIVAS","base.res_partner_industry_Q"
ciiu_code_346,"8730","Activ DE ATENCIÓN EN INSTITUCIONES PARA EL CUIDADO DE PERSONAS MAYORES Y/O DISCAPACITADAS","base.res_partner_industry_Q"
ciiu_code_347,"8790","OTRAS Activ DE ATENCIÓN EN INSTITUCIONES CON ALOJAMIENTO","base.res_partner_industry_Q"
ciiu_code_348,"8810","Activ DE ASISTENCIA SOCIAL SIN ALOJAMIENTO PARA PERSONAS MAYORES Y DISCAPACITADAS","base.res_partner_industry_Q"
ciiu_code_349,"8890","OTRAS Activ DE ASISTENCIA SOCIAL SIN ALOJAMIENTO","base.res_partner_industry_Q"
ciiu_code_350,"4711","Com AL POR MENOR EN ESTABLECIMIENTOS NO ESPECIALIZADOS CON SURTIDO COMPUESTO PRINCIPALMENTE POR ALIMENTOS, BEBIDAS O TABACO","base.res_partner_industry_G"
ciiu_code_351,"4719","Com AL POR MENOR EN ESTABLECIMIENTOS NO ESPECIALIZADOS, CON SURTIDO COMPUESTO PRINCIPALMENTE POR PRODUCTOS DIFERENTES DE ALIMENTOS (VÍVERES EN GENERAL), BEBIDAS Y TABACO","base.res_partner_industry_G"
ciiu_code_352,"4721","Com AL POR MENOR DE PRODUCTOS AGRÍCOLAS PARA EL CONSUMO EN ESTABLECIMIENTOS ESPECIALIZADOS","base.res_partner_industry_G"
ciiu_code_353,"4722","Com AL POR MENOR DE LECHE, PRODUCTOS LÁCTEOS Y HUEVOS, EN ESTABLECIMIENTOS ESPECIALIZADOS","base.res_partner_industry_G"
ciiu_code_354,"4723","Com AL POR MENOR DE CARNES (INCLUYE AVES DE CORRAL), PRODUCTOS CÁRNICOS, PESCADOS Y PRODUCTOS DE MAR, EN ESTABLECIMIENTOS ESPECIALIZADOS","base.res_partner_industry_G"
ciiu_code_355,"4724","Com AL POR MENOR DE BEBIDAS Y PRODUCTOS DEL TABACO, EN ESTABLECIMIENTOS ESPECIALIZADOS","base.res_partner_industry_G"
ciiu_code_356,"4729","Com AL POR MENOR DE OTROS PRODUCTOS ALIMENTICIOS N.C.P., EN ESTABLECIMIENTOS ESPECIALIZADOS","base.res_partner_industry_G"
ciiu_code_357,"6910","Activ JURÍDICAS","base.res_partner_industry_M"
ciiu_code_358,"6920","Activ DE CONTABILIDAD, TENEDURÍA DE LIBROS, AUDITORÍA FINANCIERA Y ASESORÍA TRIBUTARIA","base.res_partner_industry_M"
ciiu_code_359,"7010","Activ DE ADMINISTRACIÓN EMPRESARIAL","base.res_partner_industry_M"
ciiu_code_360,"7020","Activ DE CONSULTORÍA DE GESTIÓN","base.res_partner_industry_M"
ciiu_code_361,"3511","GENERACIÓN DE ENERGÍA ELÉCTRICA","base.res_partner_industry_D"
ciiu_code_362,"3512","TRANSMISIÓN DE ENERGÍA ELÉCTRICA","base.res_partner_industry_D"
ciiu_code_363,"3513","DISTRIBUCIÓN DE ENERGÍA ELÉCTRICA","base.res_partner_industry_D"
ciiu_code_364,"3514","COMERCIALIZACIÓN DE ENERGÍA ELÉCTRICA","base.res_partner_industry_D"
ciiu_code_365,"3520","PRODUCCIÓN DE GAS; DISTRIBUCIÓN DE COMBUSTIBLES GASEOSOS POR TUBERÍAS","base.res_partner_industry_D"
ciiu_code_366,"3530","SUMINISTRO DE VAPOR Y AIRE ACONDICIONADO","base.res_partner_industry_D"
ciiu_code_367,"3600","CAPTACIÓN, TRATAMIENTO Y DISTRIBUCIÓN DE AGUA","base.res_partner_industry_E"
ciiu_code_368,"3700","EVACUACIÓN Y TRATAMIENTO DE AGUAS RESIDUALES","base.res_partner_industry_E"
ciiu_code_369,"3811","RECOLECCIÓN DE DESECHOS NO PELIGROSOS","base.res_partner_industry_E"
ciiu_code_370,"3812","RECOLECCIÓN DE DESECHOS PELIGROSOS","base.res_partner_industry_E"
ciiu_code_371,"3821","TRATAMIENTO Y DISPOSICIÓN DE DESECHOS NO PELIGROSOS","base.res_partner_industry_E"
ciiu_code_372,"3822","TRATAMIENTO Y DISPOSICIÓN DE DESECHOS PELIGROSOS","base.res_partner_industry_E"
ciiu_code_373,"3830","RECUPERACIÓN DE MATERIALES","base.res_partner_industry_E"
ciiu_code_374,"3900","Activ DE SANEAMIENTO AMBIENTAL Y OTROS SERVICIOS DE GESTIÓN DE DESECHOS","base.res_partner_industry_E"
ciiu_code_375,"6411","BANCO CENTRAL Y BANCOS COMERCIALES","base.res_partner_industry_K"
ciiu_code_376,"6421","Activ DE LAS CORPORACIONES FINANCIERAS","base.res_partner_industry_K"
ciiu_code_377,"6422","Activ DE LAS COMPAÑÍAS DE FINANCIAMIENTO ","base.res_partner_industry_K"
ciiu_code_378,"6424","Activ DE LAS COOPERATIVAS FINANCIERAS","base.res_partner_industry_K"
ciiu_code_379,"6431","FIDEICOMISOS, FONDOS Y ENTIDADES FINANCIERAS SIMILARES","base.res_partner_industry_K"
ciiu_code_380,"6432","FONDOS DE CESANTÍAS","base.res_partner_industry_K"
ciiu_code_381,"6491","LEASING FINANCIERO (ARRENDAMIENTO FINANCIERO)","base.res_partner_industry_K"
ciiu_code_382,"6492","Activ FINANCIERAS DE FONDOS DE EMPLEADOS Y OTRAS FORMAS ASOCIATIVAS DEL SECTOR SOLIDARIO","base.res_partner_industry_K"
ciiu_code_383,"6493","Activ DE COMPRA DE CARTERA O FACTORING","base.res_partner_industry_K"
ciiu_code_384,"6494","OTRAS Activ DE DISTRIBUCIÓN DE FONDOS","base.res_partner_industry_K"
ciiu_code_385,"6495","INSTITUCIONES ESPECIALES OFICIALES","base.res_partner_industry_K"
ciiu_code_386,"6499","OTRAS Activ DE SERVICIO FINANCIERO, EXCEPTO LAS DE SEGUROS Y PENSIONES N.C.P.","base.res_partner_industry_K"
ciiu_code_387,"6511","SEGUROS GENERALES ","base.res_partner_industry_K"
ciiu_code_388,"6512","SEGUROS DE VIDA","base.res_partner_industry_K"
ciiu_code_389,"6513","REASEGUROS","base.res_partner_industry_K"
ciiu_code_390,"6514","CAPITALIZACIÓN","base.res_partner_industry_K"
ciiu_code_391,"6521","SERVICIOS DE SEGUROS SOCIALES DE SALUD","base.res_partner_industry_K"
ciiu_code_392,"6522","SERVICIOS DE SEGUROS SOCIALES DE RIESGOS PROFESIONALES","base.res_partner_industry_K"
ciiu_code_393,"6531","RÉGIMEN DE PRIMA MEDIA CON PRESTACIÓN DEFINIDA (RPM)","base.res_partner_industry_K"
ciiu_code_394,"6532","RÉGIMEN DE AHORRO INDIVIDUAL (RAI)","base.res_partner_industry_K"
ciiu_code_395,"6611","ADMINISTRACIÓN DE MERCADOS FINANCIEROS","base.res_partner_industry_K"
ciiu_code_396,"6612","CORRETAJE DE VALORES Y DE CONTRATOS DE PRODUCTOS BÁSICOS","base.res_partner_industry_K"
ciiu_code_397,"6613","OTRAS Activ RELACIONADAS CON EL MERCADO DE VALORES","base.res_partner_industry_K"
ciiu_code_398,"6614","Activ DE LAS CASAS DE CAMBIO","base.res_partner_industry_K"
ciiu_code_399,"6615","Activ DE LOS PROFESIONALES DE COMPRA Y VENTA DE DIVISAS","base.res_partner_industry_K"
ciiu_code_400,"6619","OTRAS Activ AUXILIARES DE LAS Activ DE SERVICIOS FINANCIEROS N.C.P.","base.res_partner_industry_K"
ciiu_code_401,"6621","Activ DE AGENTES Y CORREDORES DE SEGUROS","base.res_partner_industry_K"
ciiu_code_402,"6629","EVALUACIÓN DE RIESGOS Y DAÑOS, Y OTRAS Activ DE SERVICIOS AUXILIARES","base.res_partner_industry_K"
ciiu_code_403,"6630","Activ DE ADMINISTRACIÓN DE FONDOS","base.res_partner_industry_K"
ciiu_code_404,"6810","Activ INMOBILIARIAS REALIZADAS CON BIENES PROPIOS O ARRENDADOS","base.res_partner_industry_L"
ciiu_code_405,"6820","Activ INMOBILIARIAS REALIZADAS A CAMBIO DE UNA RETRIBUCIÓN O POR CONTRATA ","base.res_partner_industry_L"
ciiu_code_406,"8511","EDUCACIÓN DE LA PRIMERA INFANCIA","base.res_partner_industry_P"
ciiu_code_407,"8512","EDUCACIÓN PREESCOLAR","base.res_partner_industry_P"
ciiu_code_408,"8513","EDUCACIÓN BÁSICA PRIMARIA","base.res_partner_industry_P"
ciiu_code_409,"8521","EDUCACIÓN BÁSICA SECUNDARIA ","base.res_partner_industry_P"
ciiu_code_410,"8522","EDUCACIÓN MEDIA ACADÉMICA","base.res_partner_industry_P"
ciiu_code_411,"8523","EDUCACIÓN MEDIA TÉCNICA Y DE FORMACIÓN LABORAL","base.res_partner_industry_P"
ciiu_code_412,"8530","ESTABLECIMIENTOS QUE COMBINAN DIFERENTES NIVELES DE EDUCACIÓN ","base.res_partner_industry_P"
ciiu_code_413,"8541","EDUCACIÓN TÉCNICA PROFESIONAL","base.res_partner_industry_P"
ciiu_code_414,"8542","EDUCACIÓN TECNOLÓGICA","base.res_partner_industry_P"
ciiu_code_415,"8543","EDUCACIÓN DE INSTITUCIONES UNIVERSITARIAS O DE ESCUELAS TECNOLÓGICAS","base.res_partner_industry_P"
ciiu_code_416,"8544","EDUCACIÓN DE UNIVERSIDADES","base.res_partner_industry_P"
ciiu_code_417,"8551","FORMACIÓN ACADÉMICA NO FORMAL ","base.res_partner_industry_P"
ciiu_code_418,"8552","ENSEÑANZA DEPORTIVA Y RECREATIVA","base.res_partner_industry_P"
ciiu_code_419,"8553","ENSEÑANZA CULTURAL","base.res_partner_industry_P"
ciiu_code_420,"8559","OTROS TIPOS DE EDUCACIÓN N.C.P.","base.res_partner_industry_P"
ciiu_code_421,"8560","Activ DE APOYO A LA EDUCACIÓN","base.res_partner_industry_P"
ciiu_code_422,"0111","CULTIVO DE CEREALES (EXCEPTO ARROZ), LEGUMBRES Y SEMILLAS OLEAGINOSAS ","base.res_partner_industry_A"
ciiu_code_423,"0112","CULTIVO DE ARROZ ","base.res_partner_industry_A"
ciiu_code_424,"0113","CULTIVO DE HORTALIZAS, RAÍCES Y TUBÉRCULOS ","base.res_partner_industry_A"
ciiu_code_425,"0114","CULTIVO DE TABACO ","base.res_partner_industry_A"
ciiu_code_426,"0115","CULTIVO DE PLANTAS TEXTILES ","base.res_partner_industry_A"
ciiu_code_427,"0119","OTROS CULTIVOS TRANSITORIOS N.C.P.","base.res_partner_industry_A"
ciiu_code_428,"0121","CULTIVO DE FRUTAS TROPICALES Y SUBTROPICALES","base.res_partner_industry_A"
ciiu_code_429,"0122","CULTIVO DE PLÁTANO Y BANANO","base.res_partner_industry_A"
ciiu_code_430,"0123","CULTIVO DE CAFÉ","base.res_partner_industry_A"
ciiu_code_431,"0124","CULTIVO DE CAÑA DE AZÚCAR","base.res_partner_industry_A"
ciiu_code_432,"0125","CULTIVO DE FLOR DE CORTE","base.res_partner_industry_A"
ciiu_code_433,"0126","CULTIVO DE PALMA PARA ACEITE (PALMA AFRICANA) Y OTROS FRUTOS OLEAGINOSOS","base.res_partner_industry_A"
ciiu_code_434,"0127","CULTIVO DE PLANTAS CON LAS QUE SE PREPARAN BEBIDAS","base.res_partner_industry_A"
ciiu_code_435,"0128","CULTIVO DE ESPECIAS Y DE PLANTAS AROMÁTICAS Y MEDICINALES ","base.res_partner_industry_A"
ciiu_code_436,"0129","OTROS CULTIVOS PERMANENTES N.C.P.","base.res_partner_industry_A"
ciiu_code_437,"0130","PROPAGACIÓN DE PLANTAS (Activ DE LOS VIVEROS, EXCEPTO VIVEROS FORESTALES) ","base.res_partner_industry_A"
ciiu_code_438,"0141","CRÍA DE GANADO BOVINO Y BUFALINO","base.res_partner_industry_A"
ciiu_code_439,"0142","CRÍA DE CABALLOS Y OTROS EQUINOS ","base.res_partner_industry_A"
ciiu_code_440,"0143","CRÍA DE OVEJAS Y CABRAS ","base.res_partner_industry_A"
ciiu_code_441,"0144","CRÍA DE GANADO PORCINO","base.res_partner_industry_A"
ciiu_code_442,"0145","CRÍA DE AVES DE CORRAL","base.res_partner_industry_A"
ciiu_code_443,"0149","CRÍA DE OTROS ANIMALES N.C.P.","base.res_partner_industry_A"
ciiu_code_444,"0150","EXPLOTACIÓN MIXTA (AGRÍCOLA Y PECUARIA) ","base.res_partner_industry_A"
ciiu_code_445,"0161","Activ DE APOYO A LA AGRICULTURA ","base.res_partner_industry_A"
ciiu_code_446,"0162","Activ DE APOYO A LA GANADERÍA","base.res_partner_industry_A"
ciiu_code_447,"0163","Activ POSTERIORES A LA COSECHA ","base.res_partner_industry_A"
ciiu_code_448,"0164","TRATAMIENTO DE SEMILLAS PARA PROPAGACIÓN","base.res_partner_industry_A"
ciiu_code_449,"0170","CAZA ORDINARIA Y MEDIANTE TRAMPAS Y Activ DE SERVICIOS CONEXAS","base.res_partner_industry_A"
ciiu_code_450,"0210","SILVICULTURA Y OTRAS Activ FORESTALES","base.res_partner_industry_A"
ciiu_code_451,"0220","EXTRACCIÓN DE MADERA ","base.res_partner_industry_A"
ciiu_code_452,"0230","RECOLECCIÓN DE PRODUCTOS FORESTALES DIFERENTES A LA MADERA","base.res_partner_industry_A"
ciiu_code_453,"0240","SERVICIOS DE APOYO A LA SILVICULTURA","base.res_partner_industry_A"
ciiu_code_454,"0311","PESCA MARÍTIMA ","base.res_partner_industry_A"
ciiu_code_455,"0312","PESCA DE AGUA DULCE ","base.res_partner_industry_A"
ciiu_code_456,"0321","ACUICULTURA MARÍTIMA ","base.res_partner_industry_A"
ciiu_code_457,"0322","ACUICULTURA DE AGUA DULCE","base.res_partner_industry_A"
ciiu_code_458,"7710","ALQUILER Y ARRENDAMIENTO DE VEHÍCULOS AUTOMOTORES","base.res_partner_industry_N"
ciiu_code_459,"7721","ALQUILER Y ARRENDAMIENTO DE EQUIPO RECREATIVO Y DEPORTIVO","base.res_partner_industry_N"
ciiu_code_460,"7722","ALQUILER DE VIDEOS Y DISCOS","base.res_partner_industry_N"
ciiu_code_461,"7729","ALQUILER Y ARRENDAMIENTO DE OTROS EFECTOS PERSONALES Y ENSERES DOMÉSTICOS N.C.P.","base.res_partner_industry_N"
ciiu_code_462,"7730","ALQUILER Y ARRENDAMIENTO DE OTROS TIPOS DE MAQUINARIA, EQUIPO Y BIENES TANGIBLES N.C.P.","base.res_partner_industry_N"
ciiu_code_463,"7740","ARRENDAMIENTO DE PROPIEDAD INTELECTUAL Y PRODUCTOS SIMILARES, EXCEPTO OBRAS PROTEGIDAS POR DERECHOS DE AUTOR","base.res_partner_industry_N"
ciiu_code_464,"7810","Activ DE AGENCIAS DE EMPLEO","base.res_partner_industry_N"
ciiu_code_465,"7820","Activ DE AGENCIAS DE EMPLEO TEMPORAL","base.res_partner_industry_N"
ciiu_code_466,"7830","OTRAS Activ DE SUMINISTRO DE RECURSO HUMANO","base.res_partner_industry_N"
ciiu_code_467,"7911","Activ DE LAS AGENCIAS DE VIAJE","base.res_partner_industry_N"
ciiu_code_468,"7912","Activ DE OPERADORES TURÍSTICOS","base.res_partner_industry_N"
ciiu_code_469,"7990","OTROS SERVICIOS DE RESERVA Y Activ RELACIONADAS","base.res_partner_industry_N"
ciiu_code_470,"8010","Activ DE SEGURIDAD PRIVADA","base.res_partner_industry_N"
ciiu_code_471,"8020","Activ DE SERVICIOS DE SISTEMAS DE SEGURIDAD","base.res_partner_industry_N"
ciiu_code_472,"8110","Activ COMBINADAS DE APOYO A INSTALACIONES","base.res_partner_industry_N"
ciiu_code_473,"8121","LIMPIEZA GENERAL INTERIOR DE EDIFICIOS","base.res_partner_industry_N"
ciiu_code_474,"8129","OTRAS Activ DE LIMPIEZA DE EDIFICIOS E INSTALACIONES INDUSTRIALES","base.res_partner_industry_N"
ciiu_code_475,"8130","Activ DE PAISAJISMO Y SERVICIOS DE MANTENIMIENTO CONEXOS","base.res_partner_industry_N"
ciiu_code_476,"8211","Activ COMBINADAS DE SERVICIOS ADMINISTRATIVOS DE OFICINA","base.res_partner_industry_N"
ciiu_code_477,"8219","FOTOCOPIADO, PREPARACIÓN DE DOCUMENTOS Y OTRAS Activ ESPECIALIZADAS DE APOYO A OFICINA","base.res_partner_industry_N"
ciiu_code_478,"8220","Activ DE CENTROS DE LLAMADAS (CALL CENTER)","base.res_partner_industry_N"
ciiu_code_479,"8230","ORGANIZACIÓN DE CONVENCIONES Y EVENTOS COMERCIALES","base.res_partner_industry_N"
ciiu_code_480,"8291","Activ DE AGENCIAS DE COBRANZA Y OFICINAS DE CALIFICACIÓN CREDITICIA","base.res_partner_industry_N"
ciiu_code_481,"8292","Activ DE ENVASE Y EMPAQUE","base.res_partner_industry_N"
ciiu_code_482,"8299","OTRAS Activ DE SERVICIO DE APOYO A LAS EMPRESAS N.C.P.","base.res_partner_industry_N"